StartDate,EndDate,Status,IPAddress,Progress,Duration (in seconds),Finished,RecordedDate,ResponseId,RecipientLastName,RecipientFirstName,RecipientEmail,ExternalReference,LocationLatitude,LocationLongitude,DistributionChannel,UserLanguage,PID,Q2B-T_First Click,Q2B-T_Last Click,Q2B-T_Page Submit,Q2B-T_Click Count,Q2C-T_First Click,Q2C-T_Last Click,Q2C-T_Page Submit,Q2C-T_Click Count,Q2D-T_First Click,Q2D-T_Last Click,Q2D-T_Page Submit,Q2D-T_Click Count,Q2E-T_First Click,Q2E-T_Last Click,Q2E-T_Page Submit,Q2E-T_Click Count,FC-B_1,FC-B_2,FC-B_3,FC-C_1,FC-C_2,FC-C_3,FC-C_4,FC-D_1,FC-D_2,FC-D_3,FC-E_1,FC-E_2,FC-E_3,FC-E_4,Q3-FC2,UBI-2_NPS_GROUP,UBI-2,Age,Gender,Urban,PoliSpect,UBI-F,CR-F,CR-A,Random ID,PROLIFIC_PID,STUDY_ID,SESSION_ID
Start Date,End Date,Response Type,IP Address,Progress,Duration (in seconds),Finished,Recorded Date,Response ID,Recipient Last Name,Recipient First Name,Recipient Email,External Data Reference,Location Latitude,Location Longitude,Distribution Channel,User Language,"Thank you for participating in our survey!
The study will take approximately 3-4 minutes to complete.
Before you start, please switch off your phone, text / e-mail alerts, and other sources of distraction so you can focus on this study. 
Please enter or confirm your Prolific ID here:",Timing - First Click,Timing - Last Click,Timing - Page Submit,Timing - Click Count,Timing - First Click,Timing - Last Click,Timing - Page Submit,Timing - Click Count,Timing - First Click,Timing - Last Click,Timing - Page Submit,Timing - Click Count,Timing - First Click,Timing - Last Click,Timing - Page Submit,Timing - Click Count,Please describe your feelings about the story you just read. - I could see myself as the person reacting to events in the story.,Please describe your feelings about the story you just read. - I felt repulsed by the pictures and events told in the story.,Please describe your feelings about the story you just read. - I felt a sense of injustice by the pictures and events told in the story.,Please describe your feelings about the story you just read. - I could see myself as the person reacting to events in the story.,Please describe your feelings about the story you just read. - I felt repulsed by the pictures and events told in the first part of the story.,Please describe your feelings about the story you just read. - I felt a sense of injustice by the pictures and events told in first part of the story.,Please describe your feelings about the story you just read. - I felt relieved after reading the conclusion of the story.,Please describe your feelings about the story you just read. - I could see myself as the person reacting to events in the story.,Please describe your feelings about the story you just read. - I felt a sense of pain/sorrow by the pictures and events told in the story.,Please describe your feelings about the story you just read. - I felt a sense of injustice by the pictures and events told in the story.,Please describe your feelings about the story you just read. - I could see myself as the person reacting to events in the story.,Please describe your feelings about the story you just read. - I felt a sense of pain/sorrow by the pictures and events told in the first part of the story.,Please describe your feelings about the story you just read. - I felt a sense of injustice by the pictures and events told in first part of the story.,Please describe your feelings about the story you just read. - I felt relieved after reading the conclusion of the story.,Briefly describe what made you feel this way.,To what degree would you support the concept of Universal Basic Income? - Group,To what degree would you support the concept of Universal Basic Income?,What is your age?,What is your gender or the gender you identify with the most?,Which of the following best describes the area where you live?,"On the following scale, please choose how you rate your political orientation.","Thank you for participating in our survey.
To what degree were you familiar with Universal Basic Income  (UBI) before participating in this survey?",Would you like to send a letter to your congressional representative describing your support for Universal Basic Income ?,Would you like to send a letter to your congressional representative describing your position against Universal Basic Income?,Random ID,PROLIFIC_PID,STUDY_ID,SESSION_ID
"{""ImportId"":""startDate"",""timeZone"":""America/Denver""}","{""ImportId"":""endDate"",""timeZone"":""America/Denver""}","{""ImportId"":""status""}","{""ImportId"":""ipAddress""}","{""ImportId"":""progress""}","{""ImportId"":""duration""}","{""ImportId"":""finished""}","{""ImportId"":""recordedDate"",""timeZone"":""America/Denver""}","{""ImportId"":""_recordId""}","{""ImportId"":""recipientLastName""}","{""ImportId"":""recipientFirstName""}","{""ImportId"":""recipientEmail""}","{""ImportId"":""externalDataReference""}","{""ImportId"":""locationLatitude""}","{""ImportId"":""locationLongitude""}","{""ImportId"":""distributionChannel""}","{""ImportId"":""userLanguage""}","{""ImportId"":""QID122_TEXT""}","{""ImportId"":""QID85_FIRST_CLICK""}","{""ImportId"":""QID85_LAST_CLICK""}","{""ImportId"":""QID85_PAGE_SUBMIT""}","{""ImportId"":""QID85_CLICK_COUNT""}","{""ImportId"":""QID96_FIRST_CLICK""}","{""ImportId"":""QID96_LAST_CLICK""}","{""ImportId"":""QID96_PAGE_SUBMIT""}","{""ImportId"":""QID96_CLICK_COUNT""}","{""ImportId"":""QID102_FIRST_CLICK""}","{""ImportId"":""QID102_LAST_CLICK""}","{""ImportId"":""QID102_PAGE_SUBMIT""}","{""ImportId"":""QID102_CLICK_COUNT""}","{""ImportId"":""QID106_FIRST_CLICK""}","{""ImportId"":""QID106_LAST_CLICK""}","{""ImportId"":""QID106_PAGE_SUBMIT""}","{""ImportId"":""QID106_CLICK_COUNT""}","{""ImportId"":""QID110_1""}","{""ImportId"":""QID110_5""}","{""ImportId"":""QID110_12""}","{""ImportId"":""QID111_1""}","{""ImportId"":""QID111_2""}","{""ImportId"":""QID111_7""}","{""ImportId"":""QID111_4""}","{""ImportId"":""QID113_1""}","{""ImportId"":""QID113_5""}","{""ImportId"":""QID113_2""}","{""ImportId"":""QID114_1""}","{""ImportId"":""QID114_9""}","{""ImportId"":""QID114_2""}","{""ImportId"":""QID114_3""}","{""ImportId"":""QID109_TEXT""}","{""ImportId"":""QID70_NPS_GROUP""}","{""ImportId"":""QID70""}","{""ImportId"":""QID172807739""}","{""ImportId"":""QID71""}","{""ImportId"":""QID72""}","{""ImportId"":""QID73""}","{""ImportId"":""QID117""}","{""ImportId"":""QID115""}","{""ImportId"":""QID116""}","{""ImportId"":""Random ID""}","{""ImportId"":""PROLIFIC_PID""}","{""ImportId"":""STUDY_ID""}","{""ImportId"":""SESSION_ID""}"
2019-11-19 23:13:45,2019-11-19 23:14:36,IP Address,23.241.163.162,100,50,TRUE,2019-11-19 23:14:37,R_10qm2YED9tH1QuB,,,,,34.26019287,-118.5787048,anonymous,EN,5d4c5f770051fe0001fbf22e,,,,,,,,,,,,,,,,,,,,,,,,,,,,,,,,Promoter,10,35 - 44,Female,Suburban,Liberal,Extremely familiar,Probably yes,,865970148,5d4c5f770051fe0001fbf22e,5dd4a34135582248315dfdca,5dd4d985535a7149f89b37e2
2019-11-19 23:15:13,2019-11-19 23:16:33,IP Address,73.2.35.155,100,80,TRUE,2019-11-19 23:16:34,R_x9mbOXB0blegvCN,,,,,38.5447998,-121.7447968,anonymous,EN,5dac11ae4f3f0100165adcbf,,,,,,,,,,,,,,,,,,,,,,,,,,,,,,,,Passive,7,18 - 24,Female,Suburban,Very Liberal,Very familiar,Probably not,,867932258,5dac11ae4f3f0100165adcbf,5dd4a34135582248315dfdca,5dd4d9e8e05cad4a97979abf
2019-11-19 23:16:02,2019-11-19 23:16:50,IP Address,172.115.26.214,100,47,TRUE,2019-11-19 23:16:50,R_3OrBv1Bzrja8BB6,,,,,34.18670654,-118.3878021,anonymous,EN,5dbc5b95e2fafc1f58570e23,,,,,,,,,,,,,,,,,,,,,,,,,,,,,,,,Promoter,10,25 - 34,Male,Urban,Liberal,Not familiar at all,Might or might not,,811662933,5dbc5b95e2fafc1f58570e23,5dd4a34135582248315dfdca,5dd4da1db043894961905e35
2019-11-19 23:15:17,2019-11-19 23:17:12,IP Address,172.2.58.14,100,115,TRUE,2019-11-19 23:17:13,R_3L6GaCCAtPqQXcj,,,,,34.229599,-80.71469879,anonymous,EN,5ac54531e1546900019c0487,,,,,,,,,0,0,42.228,0,,,,,,,,,,,,None at all,None at all,A moderate amount,,,,,"I feel that's such a trivial thing to worry about, but then most children do so. It doesn't give me a sense of attachment or emotion, just slight annoyance.",Promoter,10,18 - 24,Female,Rural,Very Liberal,Moderately familiar,Definitely not,,586617998,5ac54531e1546900019c0487,5dd4a34135582248315dfdca,5dd4d9f1cf08aa4aa8e5ba58
2019-11-19 23:16:43,2019-11-19 23:17:44,IP Address,91.207.175.166,100,61,TRUE,2019-11-19 23:17:44,R_2awy94JOdqt8RXG,,,,,34.05490112,-118.2577972,anonymous,EN,559d2afefdf99b7e8b68211a,,,,,,,,,,,,,,,,,,,,,,,,,,,,,,,,Promoter,10,35 - 44,Male,Suburban,Liberal,Extremely familiar,Definitely yes,,492862272,559d2afefdf99b7e8b68211a,5dd4a34135582248315dfdca,5dd4da3bfce60649be80b80a
2019-11-19 23:15:27,2019-11-19 23:18:12,IP Address,24.190.62.103,100,164,TRUE,2019-11-19 23:18:12,R_1n167TJuYig0pX7,,,,,40.94769287,-74.06719971,anonymous,EN,5db1fbf417a1390054114ee9,0,0,19.268,0,,,,,,,,,,,,,A little,A moderate amount,A great deal,,,,,,,,,,,,The pictures and description show people living in conditions they should not have to suffer through. Bare minimum essentials of food and shelter should be a guaranteed right for ALL people,Promoter,9,35 - 44,Female,Suburban,Very Liberal,Moderately familiar,Probably yes,,299126825,5db1fbf417a1390054114ee9,5dd4a34135582248315dfdca,5dd4d9fb3683dc48ea19a879
2019-11-19 23:16:39,2019-11-19 23:18:14,IP Address,96.77.224.122,100,94,TRUE,2019-11-19 23:18:14,R_RDIUfDW5wSoiAO5,,,,,38.69749451,-121.2714005,anonymous,EN,5aa5e1c61eda41000136d40c,1.015,23.175,28.292,2,,,,,,,,,,,,,A great deal,A lot,A great deal,,,,,,,,,,,,These people need help and I can't do anything about it,Promoter,9,25 - 34,Male,Suburban,Very Liberal,Very familiar,Probably not,,113085586,5aa5e1c61eda41000136d40c,5dd4a34135582248315dfdca,5dd4da429b66eb4b88968779
2019-11-19 23:17:08,2019-11-19 23:18:34,IP Address,172.119.242.95,100,86,TRUE,2019-11-19 23:18:34,R_33Bb3tNAFNkboS1,,,,,34.01210022,-117.6883011,anonymous,EN,5bdbfad21195730001bde189,0,0,17.007,0,,,,,,,,,,,,,A great deal,A lot,A lot,,,,,,,,,,,,"It angered and frightened me, because such sights should not be common in one of the richest countries in the world.",Promoter,10,25 - 34,Male,Suburban,Lean Liberal,Moderately familiar,Probably yes,,634482034,5bdbfad21195730001bde189,5dd4a34135582248315dfdca,5dd4da5f2b033b4ad286febc
2019-11-19 23:15:21,2019-11-19 23:18:35,IP Address,73.37.42.123,100,193,TRUE,2019-11-19 23:18:35,R_YYvtXl3zmkPzR3X,,,,,45.52819824,-122.635498,anonymous,EN,5d404a42e46f4b0001f32854,10.022,24.972,26.47,5,5.413,46.601,47.569,11,,,,,,,,,,,,A moderate amount,A little,A lot,A lot,,,,,,,,Kindness and compassion.,Promoter,9,35 - 44,Female,Urban,Liberal,Moderately familiar,Probably yes,,151239528,5d404a42e46f4b0001f32854,5dd4a34135582248315dfdca,5dd4d9f0b2204f49ea77f397
2019-11-19 23:17:40,2019-11-19 23:18:40,IP Address,208.107.24.38,100,59,TRUE,2019-11-19 23:18:40,R_2EcTXGdKKmFT2Ub,,,,,45.46359253,-98.48290253,anonymous,EN,58cefdb030c4cf0001ceb3ac,,,,,,,,,,,,,,,,,,,,,,,,,,,,,,,,Detractor,3,55 - 64,Female,Urban,Liberal,Not familiar at all,,Probably not,463769172,58cefdb030c4cf0001ceb3ac,5dd4a34135582248315dfdca,5dd4da835daaa64a9c28ba5e
2019-11-19 23:14:32,2019-11-19 23:18:47,IP Address,98.235.161.6,100,255,TRUE,2019-11-19 23:18:48,R_3fUcVlhuRLhh6DY,,,,,40.79570007,-77.86180115,anonymous,EN,5ba85e7eb3b5400001ce044e,10.893,31.152,32.366,6,26.722,46.931,50.562,6,,,,,,,,,,,,A lot,A lot,A moderate amount,A lot,,,,,,,,The negative language in the beginning mostly ,Promoter,10,25 - 34,Female,Suburban,Very Liberal,Moderately familiar,Probably not,,224710542,5ba85e7eb3b5400001ce044e,5dd4a34135582248315dfdca,5dd4d9c5fbb5735a935a3152
2019-11-19 23:16:41,2019-11-19 23:19:29,IP Address,67.40.253.234,100,167,TRUE,2019-11-19 23:19:29,R_3L7LmQmyZIdw67P,,,,,42.61070251,-122.8125,anonymous,EN,5c8d42e6c6eef0001abd2d94,8.441,22.653,23.592,4,2.268,35.972,37.532,7,,,,,,,,,,,,A lot,A little,A moderate amount,A lot,,,,,,,,It was heartfelt to see a positive outcome. ,Promoter,10,25 - 34,Male,Rural,Liberal,Moderately familiar,Might or might not,,727359112,5c8d42e6c6eef0001abd2d94,5dd4a34135582248315dfdca,5dd4da412274974add3a4c38
2019-11-19 23:16:44,2019-11-19 23:19:45,IP Address,73.96.217.162,100,180,TRUE,2019-11-19 23:19:45,R_vl4N1fYWrkXGs1j,,,,,44.9947052,-123.0147018,anonymous,EN,5c53c145409f6e0001130a32,1.934,47.481,49.111,13,1.65,40.254,43.084,7,,,,,,,,,,,,A moderate amount,A little,A great deal,A lot,,,,,,,,I don’t necessarily blame the people for the situation they were in. They need to be given a chance ,Passive,7,25 - 34,Male,Suburban,Very Liberal,Extremely familiar,Probably not,,795463854,5c53c145409f6e0001130a32,5dd4a34135582248315dfdca,5dd4da4890fc854abf4a214c
2019-11-19 23:18:54,2019-11-19 23:20:07,IP Address,108.26.127.112,100,73,TRUE,2019-11-19 23:20:07,R_3sgAaymJAsw2yqA,,,,,36.80090332,-76.42269897,anonymous,EN,5ad7835e9c198c0001fad31a,,,,,,,,,,,,,,,,,,,,,,,,,,,,,,,,Detractor,5,25 - 34,Female,Rural,Liberal,Slightly familiar,,,423145583,5ad7835e9c198c0001fad31a,5dd4a34135582248315dfdca,5dd4da897aa0d64a73b8c997
2019-11-19 23:18:03,2019-11-19 23:20:17,IP Address,24.188.66.82,100,133,TRUE,2019-11-19 23:20:17,R_2cu2bgQ1iQ8vjTW,,,,,41.08169556,-74.18630219,anonymous,EN,5c3413aa64829800018b164a,0,0,31.512,0,,,,,,,,,,,,,A great deal,A great deal,A great deal,,,,,,,,,,,,I have recently been in a major city and seen how homeless people live and are treated,Promoter,10,18 - 24,Male,Suburban,Very Liberal,Extremely familiar,Probably not,,558838730,5c3413aa64829800018b164a,5dd4a34135582248315dfdca,5dd4da9951c6d24b179692ac
2019-11-19 23:18:06,2019-11-19 23:20:23,IP Address,72.220.141.63,100,137,TRUE,2019-11-19 23:20:23,R_RVvxUbII4s1Sntv,,,,,32.79159546,-116.9710007,anonymous,EN,5ab6cbbbf69e940001d8e446,,,,,,,,,,,,,,,,,,,,,,,,,,,,,,,,Promoter,10,45 - 54,Female,Suburban,Liberal,Slightly familiar,Definitely yes,,691823117,5ab6cbbbf69e940001d8e446,5dd4a34135582248315dfdca,5dd4da9b80123f4ab0a06153
2019-11-19 23:19:33,2019-11-19 23:20:26,IP Address,74.101.160.235,100,52,TRUE,2019-11-19 23:20:26,R_3RraLw1xVhrgqmX,,,,,40.78089905,-73.95020294,anonymous,EN,5c761e74b80b460016bd0bd9,,,,,,,,,,,,,,,,,,,,,,,,,,,,,,,,Passive,7,18 - 24,Female,Urban,Very Liberal,Very familiar,Probably not,,554590143,5c761e74b80b460016bd0bd9,5dd4a34135582248315dfdca,5dd4daf135cf744a18a9a05b
2019-11-19 23:17:28,2019-11-19 23:20:44,IP Address,50.84.232.163,100,196,TRUE,2019-11-19 23:20:45,R_SJLR7OUvoMRBLJn,,,,,30.24229431,-97.76719666,anonymous,EN,5d49d1922b64de00011b9e94,,,,,,,,,4.501,75.791,83.373,7,,,,,,,,,,,,A moderate amount,A lot,A lot,,,,,Imagining being in that position and being embarrassed ,Passive,7,35 - 44,Female,Suburban,Liberal,Slightly familiar,Probably not,,605045491,5d49d1922b64de00011b9e94,5dd4a34135582248315dfdca,5dd4da6ced36494aad4b05d3
2019-11-19 23:17:53,2019-11-19 23:21:05,IP Address,98.235.33.43,100,191,TRUE,2019-11-19 23:21:05,R_r8893jsCyBtluk9,,,,,40.79570007,-77.86180115,anonymous,EN,5badcd276322c5000157c196,14.441,90.795,91.986,4,2.23,37.486,38.704,2,,,,,,,,,,,,A great deal,A great deal,A great deal,A great deal,,,,,,,,It was a good cause,Promoter,9,18 - 24,Female,Suburban,Liberal,Extremely familiar,Definitely yes,,181377520,5badcd276322c5000157c196,5dd4a34135582248315dfdca,5dd4da901228d94a92679838
2019-11-19 23:15:10,2019-11-19 23:21:14,IP Address,73.228.21.232,100,364,TRUE,2019-11-19 23:21:15,R_3nIcz0gwKjxHAPm,,,,,35.18710327,-106.6659012,anonymous,EN,5d3fc9d442a4bc00015c456c,,,,,,,,,0,0,120.344,0,0,0,47.671,0,,,,,,,,,,,None at all,A little,A moderate amount,A moderate amount,I couldn't see myself feeling that way by what I wear I don't and I don't think anyone else does but I feel bad for her feeling insecure.,Passive,8,18 - 24,Male,Suburban,Very Liberal,Very familiar,Might or might not,,692345473,5d3fc9d442a4bc00015c456c,5dd4a34135582248315dfdca,5dd4d9e8c944d14a6574448f
2019-11-19 23:14:53,2019-11-19 23:21:34,IP Address,74.174.221.179,100,401,TRUE,2019-11-19 23:21:34,R_qJcOFiTwQQ6DndT,,,,,34.7776947,-86.54450226,anonymous,EN,5bf150273941490001fd47fa,,,,,,,,,0,0,109.036,0,,,,,,,,,,,,A lot,A lot,None at all,,,,,"When I was a child I had to wear clothes from goodwill. One year my grandmother bought me a brand new pair of white leather tennis shoes, with an eagle on the side. everyone else was getting reebox, la gear or british knights. Kids laughed so hard at me, I hated that whole school year. It hurt, it wasn't my fault my mom was a single mother.",Promoter,10,45 - 54,Female,Rural,Very Liberal,Moderately familiar,Definitely yes,,154482725,5bf150273941490001fd47fa,5dd4a34135582248315dfdca,5dd4d9d9523df04a099e12a0
2019-11-19 23:20:55,2019-11-19 23:21:41,IP Address,208.38.252.98,100,46,TRUE,2019-11-19 23:21:42,R_2qDIJauKiILc3AV,,,,,37.75100708,-97.8219986,anonymous,EN,5d4271aa397a630001f3c191,,,,,,,,,,,,,,,,,,,,,,,,,,,,,,,,Promoter,10,25 - 34,Female,Rural,Liberal,Extremely familiar,Definitely yes,,930797433,5d4271aa397a630001f3c191,5dd4a34135582248315dfdca,5dd4db425c56384ae6e69e12
2019-11-19 23:19:01,2019-11-19 23:21:47,IP Address,108.71.199.9,100,165,TRUE,2019-11-19 23:21:47,R_vJCSkbb2d1y2OPf,,,,,38.65870667,-90.46099854,anonymous,EN,5a8891155292b800012316a8,0,0,16.986,0,0,0,26.25,0,,,,,,,,,,,,A moderate amount,A great deal,None at all,None at all,,,,,,,,"I don't like homeless people who live on the streets and look creepy. My mom works at a homeless shelter for these kind of people and they're invariably horrible, creepy people that I hate being around.",Promoter,10,18 - 24,Female,Suburban,Very Liberal,Moderately familiar,Definitely not,,188146289,5a8891155292b800012316a8,5dd4a34135582248315dfdca,5dd4dad3e73e6149bf417510
2019-11-19 23:20:41,2019-11-19 23:21:55,IP Address,24.181.69.16,100,74,TRUE,2019-11-19 23:21:55,R_AFO7SaQmQSGAZDX,,,,,34.27340698,-83.87809753,anonymous,EN,5d1d6bc2f4f472001a36fc1c,,,,,,,,,,,,,,,,,,,,,,,,,,,,,,,,Passive,8,25 - 34,Female,Suburban,Liberal,Moderately familiar,Might or might not,,298432451,5d1d6bc2f4f472001a36fc1c,5dd4a34135582248315dfdca,5dd4db2a59b1b04a4f6ecac1
2019-11-19 23:17:54,2019-11-19 23:22:05,IP Address,67.183.62.175,100,250,TRUE,2019-11-19 23:22:05,R_rpEooQ5lzaLtUad,,,,,47.83880615,-122.1985016,anonymous,EN,5d071776ffd6f0000150a767,5.073,17.938,18.855,5,2.827,37.395,38.631,15,,,,,,,,,,,,A little,None at all,A lot,None at all,,,,,,,,"The narrator of the story described the homeless and destitute in a very demoralizing way. It made me uncomfortable to read or imagine myself in this perspective, as the narrator only humanized the people, despite how unfortunate yet common their situations were, towards the end.",Passive,7,18 - 24,Female,Suburban,Liberal,Slightly familiar,Probably not,,279975425,5d071776ffd6f0000150a767,5dd4a34135582248315dfdca,5dd4da8d9c84d84b0d4e3023
2019-11-19 23:19:21,2019-11-19 23:22:10,IP Address,1.42.49.103,100,169,TRUE,2019-11-19 23:22:11,R_72s0HGYtCFaHowp,,,,,-33.88839722,151.211792,anonymous,EN,5c5d16ab6ad0f00001cc0ca2,0,0,22.361,0,,,,,,,,,,,,,A little,A little,A lot,,,,,,,,,,,,I'm saddened by a society that can't provide for it's own people.,Passive,7,45 - 54,Male,Urban,Very Liberal,Very familiar,Definitely not,,802568283,5c5d16ab6ad0f00001cc0ca2,5dd4a34135582248315dfdca,5dd4daddca74664b4b75ad06
2019-11-19 23:18:17,2019-11-19 23:22:14,IP Address,71.172.140.128,100,236,TRUE,2019-11-19 23:22:15,R_cSj4IM2BAKgsrFD,,,,,40.89050293,-74.05039978,anonymous,EN,59e834ba5de9b000017ed337,,,,,,,,,0,0,68.335,0,,,,,,,,,,,,A great deal,A lot,A lot,,,,,It's sad and depressing. Everyone wants to have friends and deserves to have friends. But being treated based on your clothing because you can't afford new ones is very depressing. I felt it was sad and very unfair the other kids would judge someone and make fun of them because of their jacket.,Detractor,6,25 - 34,Male,Suburban,Lean Liberal,Slightly familiar,,,949481863,59e834ba5de9b000017ed337,5dd4a34135582248315dfdca,5dd4daa5b2204f49ea77f398
2019-11-19 23:19:32,2019-11-19 23:22:33,IP Address,99.75.53.174,100,181,TRUE,2019-11-19 23:22:33,R_2wKynovMzSCQV0z,,,,,42.00030518,-88.14219666,anonymous,EN,5c2c62542c45d400014a32e6,,,,,,,,,0,0,66.064,0,,,,,,,,,,,,A moderate amount,A lot,None at all,,,,,I used to hate being judged in high school as well. People thinking you're poor makes you think of your parents.,Passive,7,25 - 34,Male,Suburban,Very Liberal,Very familiar,Definitely not,,540370544,5c2c62542c45d400014a32e6,5dd4a34135582248315dfdca,5dd4daf1eb39734a38ba0e23
2019-11-19 23:21:48,2019-11-19 23:22:35,IP Address,205.153.9.56,100,46,TRUE,2019-11-19 23:22:35,R_Qn5ZAVQmR8RQk4F,,,,,39.82940674,-104.9095001,anonymous,EN,5c6ef060f9ff2700016f0f6c,,,,,,,,,,,,,,,,,,,,,,,,,,,,,,,,Promoter,10,35 - 44,Male,Urban,Very Liberal,Moderately familiar,Might or might not,,755959960,5c6ef060f9ff2700016f0f6c,5dd4a34135582248315dfdca,5dd4db7696afdf4a5cb9331c
2019-11-19 23:17:30,2019-11-19 23:22:57,IP Address,107.218.156.140,100,326,TRUE,2019-11-19 23:22:57,R_2qmbYVfVE7zqicY,,,,,37.70469666,-122.1244965,anonymous,EN,5d54851837efaa001bb2969c,,,,,,,,,0,0,98.599,0,,,,,,,,,,,,A moderate amount,A little,A little,,,,,"trying to imagine the feelings of the person in the story, and it was clearly attempting to create that reaction",Detractor,0,35 - 44,Male,Suburban,Very Liberal,Very familiar,,Definitely not,511992369,5d54851837efaa001bb2969c,5dd4a34135582248315dfdca,5dd4da710605eb4a93b4035a
2019-11-19 23:16:29,2019-11-19 23:22:57,IP Address,75.183.67.203,100,387,TRUE,2019-11-19 23:22:58,R_3OewU96usA95sgZ,,,,,35.73429871,-79.79160309,anonymous,EN,5767349075905c00018d6a98,,,,,,,,,0,0,239.522,0,,,,,,,,,,,,A lot,A great deal,A little,,,,,I felt detached from the pictures because the character was not visually introduced first. ,Promoter,9,35 - 44,Male,Rural,Liberal,Moderately familiar,Probably yes,,767274123,5767349075905c00018d6a98,5dd4a34135582248315dfdca,5dd4da38c5faa24a3ef326e2
2019-11-19 23:20:48,2019-11-19 23:22:59,IP Address,72.197.101.218,100,130,TRUE,2019-11-19 23:22:59,R_3CWxqSstmNjLsyE,,,,,33.13659668,-117.0610962,anonymous,EN,5c662bfcc3aaf50001c67aab,,,,,,,,,0,0,48.011,0,,,,,,,,,,,,None at all,A little,A little,,,,,I didn't feel a vivid and compelling personal attachment to the character.,Promoter,10,18 - 24,Male,Suburban,Liberal,Extremely familiar,Definitely yes,,673826042,5c662bfcc3aaf50001c67aab,5dd4a34135582248315dfdca,5dd4db3c18beb64a3f6a57df
2019-11-19 23:18:23,2019-11-19 23:23:03,IP Address,68.8.163.26,100,279,TRUE,2019-11-19 23:23:03,R_UZ46rognqaoa4md,,,,,32.76379395,-117.0699997,anonymous,EN,5dc4a2b41992dc36c9a858f8,,,,,,,,,8.324,21.787,50.115,10,19.682,24.376,33.118,4,,,,,,,,,,,A great deal,A great deal,A great deal,A little,"I grew up in this situation. A very poor family. Every clothing item i had was a hand me down and we had no rooms so we slept on the floor. We eventually got out of being poor and are now well off, not rich but comfortable. So it hit home. Knowing exactly what she feels, seeing everyone with stuff they want when you cant have it. It's rough.",Promoter,10,25 - 34,Male,Suburban,Liberal,Extremely familiar,Definitely yes,,233320011,5dc4a2b41992dc36c9a858f8,5dd4a34135582248315dfdca,5dd4daad946f7c4a30cd149d
2019-11-19 23:21:07,2019-11-19 23:23:08,IP Address,69.138.198.120,100,120,TRUE,2019-11-19 23:23:08,R_3EZnVwJa63A7dk7,,,,,38.88650513,-77.0911026,anonymous,EN,5c46cd391ddd660001ca68a4,0,0,23.174,0,,,,,,,,,,,,,A great deal,A lot,A lot,,,,,,,,,,,,"The sadness associated with seeing individuals in this position, either by choice or by a set of circumstances in which they found themselves.",Detractor,6,25 - 34,Male,Urban,Liberal,Moderately familiar,,,783826020,5c46cd391ddd660001ca68a4,5dd4a34135582248315dfdca,5dd4db4cac504a4a98362eb0
2019-11-19 23:20:35,2019-11-19 23:23:11,IP Address,69.140.186.9,100,155,TRUE,2019-11-19 23:23:11,R_1DqBdALXOTp2tZD,,,,,39.33270264,-76.7358017,anonymous,EN,5c43f80d8bb6fd000163fad1,,,,,,,,,0,0,47.607,0,,,,,,,,,,,,None at all,A lot,A lot,,,,,I felt this way because of the way the protaginist is treated by her peers. ,Passive,8,55 - 64,Male,Suburban,Liberal,Very familiar,Probably yes,,896775035,5c43f80d8bb6fd000163fad1,5dd4a34135582248315dfdca,5dd4db2a848b0f4a214cfc8c
2019-11-19 23:17:16,2019-11-19 23:23:12,IP Address,162.154.50.35,100,355,TRUE,2019-11-19 23:23:12,R_D0jW7MoKRosYlwJ,,,,,38.30780029,-85.73590088,anonymous,EN,5ba9a99738803d00012729de,,,,,,,,,9.901,86.781,87.807,22,9.31,63.366,69.049,14,,,,,,,,,,,A lot,A moderate amount,A lot,A moderate amount,"I felt sorry for the person in the story and I understood the difficulty of her situation. I also thought that the school's reaction to the situation was smart, kind, and well-intended; however, I also thought that it was a choice that would have some downsides.",Detractor,5,18 - 24,Female,Suburban,Liberal,Moderately familiar,,,376943998,5ba9a99738803d00012729de,5dd4a34135582248315dfdca,5dd4da6a929d5d4acee7b507
2019-11-19 23:22:08,2019-11-19 23:23:15,IP Address,73.163.100.8,100,66,TRUE,2019-11-19 23:23:15,R_2qwnVaQKB4sJa7M,,,,,38.92770386,-76.97619629,anonymous,EN,5dbf466c3e8c0f3ef727b197,,,,,,,,,,,,,,,,,,,,,,,,,,,,,,,,Passive,8,25 - 34,Female,Suburban,Liberal,Very familiar,Probably yes,,792959219,5dbf466c3e8c0f3ef727b197,5dd4a34135582248315dfdca,5dd4db7b3708104a4b7b72b1
2019-11-19 23:20:17,2019-11-19 23:23:18,IP Address,67.162.21.240,100,181,TRUE,2019-11-19 23:23:19,R_2w1gPZfg8OQUm2L,,,,,41.87379456,-87.96679688,anonymous,EN,5655ebb8d970d100118327ab,15.232,20.944,29.163,2,6.125,13.793,37.421,3,,,,,,,,,,,,A lot,A lot,A great deal,A lot,,,,,,,,"I feel terrible for the homeless people in the first part. I also feel kind of afraid because I'm a disabled, petite woman, and I feel a bit guilty for feeling afraid. I feel like the barber is doing a great thing for people and grateful for him.",Promoter,9,25 - 34,Female,Suburban,Very Liberal,Very familiar,Might or might not,,715240257,5655ebb8d970d100118327ab,5dd4a34135582248315dfdca,5dd4db18c5fa304a7de404e4
2019-11-19 23:17:52,2019-11-19 23:23:26,IP Address,68.199.160.28,100,334,TRUE,2019-11-19 23:23:27,R_1jqt74i3rTMhHgh,,,,,40.14559937,-74.21469879,anonymous,EN,5c814d8fde75d40016027a59,0,0,21.434,0,,,,,,,,,,,,,None at all,A moderate amount,A lot,,,,,,,,,,,,"I feel empathy to those pictured in the story. I would be more likely to leave a bit early to see if I could have a conversation with one of the homeless people on my way, instead of tying to have them 'not notice me'",Promoter,10,25 - 34,Female,Suburban,Liberal,Very familiar,Definitely yes,,227317928,5c814d8fde75d40016027a59,5dd4a34135582248315dfdca,5dd4da8e961cb34b4073e68c
2019-11-19 23:17:25,2019-11-19 23:23:29,IP Address,47.137.25.178,100,363,TRUE,2019-11-19 23:23:29,R_1NFhHULcfkUIMqG,,,,,34.0308075,-118.4729996,anonymous,EN,5c5cb505ced0b900018ca3a3,,,,,,,,,11.215,102.38,104.041,22,17.017,49.95,50.777,19,,,,,,,,,,,None at all,A little,A little,A little,It's terrible to be made fun of when you're wearing hand-me downs.,Promoter,9,45 - 54,Male,Urban,Moderate,Moderately familiar,Probably not,,633411393,5c5cb505ced0b900018ca3a3,5dd4a34135582248315dfdca,5dd4da6a9740544a71844bd4
2019-11-19 23:21:41,2019-11-19 23:23:38,IP Address,65.191.115.189,100,116,TRUE,2019-11-19 23:23:38,R_Xz9pJG9MzddA1vb,,,,,35.18170166,-78.97899628,anonymous,EN,5c02a041c776820001bd6b41,7.04,17.025,19.155,4,,,,,,,,,,,,,A lot,A lot,A great deal,,,,,,,,,,,,I don't like to see other people suffer.,Promoter,9,35 - 44,Female,Suburban,Liberal,Moderately familiar,Probably not,,257899910,5c02a041c776820001bd6b41,5dd4a34135582248315dfdca,5dd4db71954d194a2c897a62
2019-11-19 23:20:07,2019-11-19 23:23:51,IP Address,174.60.113.95,100,224,TRUE,2019-11-19 23:23:51,R_2aRd5b9ky3yQNjb,,,,,40.07110596,-76.69660187,anonymous,EN,5b65f528055d9e00011d53f5,0,0,24.653,0,,,,,,,,,,,,,A little,A little,A moderate amount,,,,,,,,,,,,The homeless population is drastically undeserved and ignored by nearly everyone. The fact that society failed these people is more upsetting to me than having to walk past them on the way to work.,Passive,8,25 - 34,Male,Suburban,Liberal,Moderately familiar,Might or might not,,138252526,5b65f528055d9e00011d53f5,5dd4a34135582248315dfdca,5dd4db143dffb44a38741208
2019-11-19 23:22:56,2019-11-19 23:23:53,IP Address,172.251.62.53,100,57,TRUE,2019-11-19 23:23:54,R_xxclBoLF4gA8WwV,,,,,34.26660156,-118.7642975,anonymous,EN,55b53384fdf99b2b69c82509,,,,,,,,,,,,,,,,,,,,,,,,,,,,,,,,Passive,8,35 - 44,Male,Suburban,Very Liberal,Slightly familiar,Definitely not,,292884239,55b53384fdf99b2b69c82509,5dd4a34135582248315dfdca,5dd4dbba8ed6bf4a7628b038
2019-11-19 23:20:32,2019-11-19 23:24:03,IP Address,98.146.110.71,100,210,TRUE,2019-11-19 23:24:03,R_BECpZV2ildrlxOp,,,,,47.72479248,-116.7890015,anonymous,EN,5b274df334ffd00001b46813,2.209,15.63,16.454,20,0.559,28.488,28.886,42,,,,,,,,,,,,A great deal,A moderate amount,A lot,A great deal,,,,,,,,It was nice to see a beacon of hope at the end of the horror.,Passive,8,25 - 34,Male,Suburban,Liberal,Not familiar at all,Probably not,,818572761,5b274df334ffd00001b46813,5dd4a34135582248315dfdca,5dd4db21eb39734a38ba0e24
2019-11-19 23:21:01,2019-11-19 23:24:16,IP Address,69.255.208.217,100,194,TRUE,2019-11-19 23:24:16,R_eDqiSHHAtQlk9s5,,,,,38.8605957,-76.9776001,anonymous,EN,59278c090220760001fda664,7.08,31.035,34.239,5,,,,,,,,,,,,,A lot,A lot,A great deal,,,,,,,,,,,,"Partly because the person's description was so dehumanizing and cruel, partly because I have been one of those people on the street and it hurts me to think of all the people still going through it.",Passive,7,18 - 24,Male,Urban,Very Liberal,Very familiar,Probably not,,388624461,59278c090220760001fda664,5dd4a34135582248315dfdca,5dd4db373683dc4a063b922b
2019-11-19 23:23:21,2019-11-19 23:24:21,IP Address,107.77.233.97,100,60,TRUE,2019-11-19 23:24:22,R_27DK3cnFhIN6tK7,,,,,37.75100708,-97.8219986,anonymous,EN,5b060d9e68eff50001d1a2c1,,,,,,,,,,,,,,,,,,,,,,,,,,,,,,,,Promoter,9,25 - 34,Female,Suburban,Liberal,Very familiar,Probably not,,116379816,5b060d9e68eff50001d1a2c1,5dd4a34135582248315dfdca,5dd4dbd5a4aa264b525de257
2019-11-19 23:20:35,2019-11-19 23:24:21,IP Address,173.197.219.141,100,226,TRUE,2019-11-19 23:24:22,R_s5LxCNvDIKj6aqJ,,,,,34.06480408,-118.4413986,anonymous,EN,5da79692e7d12f00165fbe54,,,,,,,,,16.316,51.685,78.573,5,4.984,21.974,25.934,2,,,,,,,,,,,A moderate amount,A moderate amount,A lot,None at all,"I liked how they tried to be inclusive at the end, but it felt kind of embarrassing since everyone would know that it was sent in response to the kid in the story.",Passive,8,18 - 24,Female,Suburban,Liberal,Slightly familiar,Probably yes,,287072132,5da79692e7d12f00165fbe54,5dd4a34135582248315dfdca,5dd4db30e0b21b4b3d3bd0fd
2019-11-19 23:21:39,2019-11-19 23:24:29,IP Address,75.65.75.238,100,170,TRUE,2019-11-19 23:24:29,R_3O33w4q9UGECdZc,,,,,32.39039612,-93.71170044,anonymous,EN,5a8e310b17ef35000170e0a8,0,0,18.3,0,0,0,34.793,0,,,,,,,,,,,,A lot,A little,A lot,A lot,,,,,,,,The extensive details mixed with the pictures,Detractor,6,18 - 24,Female,Urban,Liberal,Not familiar at all,,,726498527,5a8e310b17ef35000170e0a8,5dd4a34135582248315dfdca,5dd4db6e954d194a2c897a61
2019-11-19 23:23:02,2019-11-19 23:24:45,IP Address,166.180.233.140,100,103,TRUE,2019-11-19 23:24:45,R_3PHJmdIGbupd1Jo,,,,,43.61380005,-116.3972015,anonymous,EN,595ebdccd865d10001cd6034,0,0,18.042,0,,,,,,,,,,,,,A little,A little,A little,,,,,,,,,,,,The image of the flies on the half-eaten sandwich.  The picture of the homeless man,Detractor,6,35 - 44,Male,Urban,Lean Liberal,Moderately familiar,,,836234750,595ebdccd865d10001cd6034,5dd4a34135582248315dfdca,5dd4dbb34b5dd44acd0fadaf
2019-11-19 23:21:30,2019-11-19 23:24:45,IP Address,73.92.160.50,100,195,TRUE,2019-11-19 23:24:45,R_3J4WgZE6Z1Lp0L4,,,,,37.40249634,-121.8659973,anonymous,EN,5d59d45f44609300152e3404,0,0,57.409,0,0,0,33.646,0,,,,,,,,,,,,A lot,A great deal,A great deal,A great deal,,,,,,,,I think that seeing how the homeless were treated by that barber was nice.,Passive,8,18 - 24,Male,Urban,Lean Liberal,Moderately familiar,Probably yes,,287911245,5d59d45f44609300152e3404,5dd4a34135582248315dfdca,5dd4db67fbb5735af1dc59ec
2019-11-19 23:18:22,2019-11-19 23:24:50,IP Address,24.211.124.156,100,388,TRUE,2019-11-19 23:24:50,R_3k2H0V9Wmgxloxr,,,,,33.61830139,-80.21260071,anonymous,EN,5dd2ff9a11b0bd30de114289,,,,,,,,,1.29,78.965,79.802,15,1.434,25.525,26.698,23,,,,,,,,,,,A moderate amount,A lot,A moderate amount,A little,What made me feel poorly initially is simply that the story is very sad and a reality for many school-age children. The writing feels especially poignant. But I wasn't entirely satisfied with the conclusion because it did not feel like any injustices were wrapped up succinctly. At least it's left to the imagination that a fellow student or a faculty member witnessed the bullying and reacted based on the situation in the story. It also fell flat emotionally because it was abrupt. ,Detractor,3,18 - 24,Female,Rural,Very Liberal,Very familiar,,Might or might not,980415175,5dd2ff9a11b0bd30de114289,5dd4a34135582248315dfdca,5dd4daa57af6614b14fe9f33
2019-11-19 23:24:22,2019-11-19 23:24:51,IP Address,76.221.209.152,100,29,TRUE,2019-11-19 23:24:52,R_3RyGEAscHLQt6vT,,,,,42.3157959,-85.17990112,anonymous,EN,5d617ba9364f9a0019f1dac3,,,,,,,,,,,,,,,,,,,,,,,,,,,,,,,,Promoter,10,25 - 34,Female,Suburban,Very Liberal,Very familiar,Probably not,,203731875,5d617ba9364f9a0019f1dac3,5dd4a34135582248315dfdca,5dd4dc14e73e614a1508dba6
2019-11-19 23:20:43,2019-11-19 23:24:54,IP Address,24.5.59.75,100,250,TRUE,2019-11-19 23:24:54,R_1Km9FqevAptveEH,,,,,37.43710327,-121.895401,anonymous,EN,5c024be169406e00014e0b8e,,,,,,,,,1.565,10.796,52.883,7,3.752,3.752,35.027,1,,,,,,,,,,,A lot,A moderate amount,A moderate amount,A little,"It sucks being put into something that you have no control over and then judged for it. In this example, the other children most likely were born into families with some sort of wealth, whereas the author was born into one without (and was subsequently treated as inferior).",Detractor,6,25 - 34,Male,Suburban,Lean Liberal,Moderately familiar,,,827927535,5c024be169406e00014e0b8e,5dd4a34135582248315dfdca,5dd4db1e41fb3f49e341e473
2019-11-19 23:22:01,2019-11-19 23:25:09,IP Address,73.98.196.225,100,187,TRUE,2019-11-19 23:25:09,R_cUcjel9wHATMgZH,,,,,40.78489685,-111.9337997,anonymous,EN,5d4702f04f947a0001181420,,,,,,,,,0,0,58.564,0,0,0,30.714,0,,,,,,,,,,,None at all,None at all,A little,A little,"I suppose it's just another... when you were younger kind of thing. None of this nowadays would bother me in the slightest, or there's a number of ways around it in my opinion. ",Passive,8,18 - 24,Male,Urban,Lean Liberal,Slightly familiar,Probably not,,104629048,5d4702f04f947a0001181420,5dd4a34135582248315dfdca,5dd4db887cc9734a7a9b9699
2019-11-19 23:23:41,2019-11-19 23:25:11,IP Address,68.197.90.37,100,89,TRUE,2019-11-19 23:25:11,R_oYPLpQVUL0d6r6x,,,,,40.87680054,-74.08670044,anonymous,EN,5cd174f12ce2410012540c94,7.781,18.598,20.404,2,,,,,,,,,,,,,A lot,A lot,A great deal,,,,,,,,,,,,Everyone deserves food and shelter. The fact that there are people in our world who don't have those things disgusts me.,Promoter,10,25 - 34,Female,Suburban,Liberal,Moderately familiar,Might or might not,,779899895,5cd174f12ce2410012540c94,5dd4a34135582248315dfdca,5dd4dbe9946f7c4ad794ebb5
2019-11-19 23:23:03,2019-11-19 23:25:36,IP Address,108.168.53.153,100,152,TRUE,2019-11-19 23:25:36,R_vCX8nmcLEmEG2Tn,,,,,43.66439819,-79.41950226,anonymous,EN,5da0c294d0565c0014c1827b,,,,,,,,,0,0,35.289,0,0,0,22.689,0,,,,,,,,,,,A lot,A little,A lot,A little,Excluding others based off of their family's income does nothing except hurt others,Detractor,3,18 - 24,Female,Urban,Very Liberal,Extremely familiar,,Probably not,261456919,5da0c294d0565c0014c1827b,5dd4a34135582248315dfdca,5dd4dbc6535a714aaebf37f3
2019-11-19 23:24:49,2019-11-19 23:25:58,IP Address,189.208.142.197,100,69,TRUE,2019-11-19 23:25:58,R_2dSEkD26HKX9Vva,,,,,19.03840637,-98.20179749,anonymous,EN,5c80321274a33f0001e9087f,,,,,,,,,,,,,,,,,,,,,,,,,,,,,,,,Detractor,6,18 - 24,Female,Urban,Lean Liberal,Not familiar at all,,,512633782,5c80321274a33f0001e9087f,5dd4a34135582248315dfdca,5dd4dc28cf8e7e4aa78eaa4c
2019-11-19 23:22:15,2019-11-19 23:26:14,IP Address,73.149.27.110,100,239,TRUE,2019-11-19 23:26:15,R_1JLsuQ2eHknllpQ,,,,,41.74899292,-72.69039917,anonymous,EN,58911e3417b2000001146c7d,0,0,25.422,0,36.533,36.533,37.383,1,,,,,,,,,,,,A moderate amount,A little,A lot,A little,,,,,,,,"I was uncomfortable with the dehumanizing way these homeless people not only had to live, but furthermore how they were described in somewhat dehumanizing language. At the same time, I tried to understand the ways in which the help offered would be relieving to them.",Detractor,2,25 - 34,Male,Urban,Very Liberal,Very familiar,,Definitely not,591251682,58911e3417b2000001146c7d,5dd4a34135582248315dfdca,5dd4db9382569a4a9777bebc
2019-11-19 23:21:20,2019-11-19 23:26:21,IP Address,73.150.141.255,100,301,TRUE,2019-11-19 23:26:22,R_2zIod3XdyxajLYM,,,,,40.31719971,-74.43039703,anonymous,EN,5c31f92c23f1c60001a6a3e8,0,0,38.626,0,0,0,44.494,0,,,,,,,,,,,,A lot,A moderate amount,A lot,A lot,,,,,,,,I was upset to read about the living conditions of these people.,Passive,8,18 - 24,Female,Suburban,Liberal,Slightly familiar,Might or might not,,590850300,5c31f92c23f1c60001a6a3e8,5dd4a34135582248315dfdca,5dd4db5de426bd49e8e2bdbd
2019-11-19 23:20:34,2019-11-19 23:26:29,IP Address,80.60.224.205,100,354,TRUE,2019-11-19 23:26:30,R_A03ZiXbeyksDVRv,,,,,51.83900452,5.873901367,anonymous,EN,5b7392e0924a8800013e8482,,,,,,,,,0,0,112.5,0,0,0,57.581,0,,,,,,,,,,,A lot,A moderate amount,A lot,A little,"it made me feel sympathy for the kid, however the conclusion at the end would make me feel uncomfortable as the boy because I would feel responsible for banning designer coats and my classmates may have noticed and this may cause further ridicule and exlcusion ",Promoter,9,18 - 24,Female,Suburban,Lean Liberal,Very familiar,Probably yes,,252281256,5b7392e0924a8800013e8482,5dd4a34135582248315dfdca,5dd4db2ae0b21b4b3d3bd0fc
2019-11-19 23:23:31,2019-11-19 23:26:46,IP Address,73.227.221.176,100,194,TRUE,2019-11-19 23:26:47,R_2gDZSt62By7qkil,,,,,41.27760315,-72.81150055,anonymous,EN,5d37e5a13cedb4001aafed7a,12.341,12.808,30.631,2,0,0,41.243,0,,,,,,,,,,,,None at all,None at all,A lot,A lot,,,,,,,,"I don't like that the narrator (or ""me"" in the story) treats people as if they're looking down on them on this path. Saying that the sight is an eyesore is trivial compared to what people living in poverty go through,",Promoter,9,18 - 24,Male,Urban,Very Liberal,Moderately familiar,Might or might not,,137822585,5d37e5a13cedb4001aafed7a,5dd4a34135582248315dfdca,5dd4dbe29d9e304b454ce709
2019-11-19 23:22:50,2019-11-19 23:26:47,IP Address,71.84.188.231,100,237,TRUE,2019-11-19 23:26:47,R_3oLU4ZBTiUXWHeW,,,,,46.61650085,-120.7093964,anonymous,EN,5ac47e09f69e940001d97449,,,,,,,,,0,0,55.189,0,,,,,,,,,,,,A moderate amount,A great deal,A lot,,,,,"I grew up relatively well-off, so as a child I didn't have experiences like this person's. But I'm very poor now, so I can imagine what it's like. I felt very sad for them, and wished I could help. And I felt injustice in how our society treats the poor, and the fact that people can be so poor in the first place, when others have billions of dollars they inherit.",Promoter,10,35 - 44,Female,Suburban,Very Liberal,Moderately familiar,Definitely yes,,404714599,5ac47e09f69e940001d97449,5dd4a34135582248315dfdca,5dd4dbb4848b0f4a214cfc8d
2019-11-19 23:23:27,2019-11-19 23:26:59,IP Address,98.234.29.244,100,212,TRUE,2019-11-19 23:26:59,R_32QtwJP8JVtLszj,,,,,37.81069946,-122.2478943,anonymous,EN,5d4523425c4d1a000104f55a,,,,,,,,,0,0,46.465,0,,,,,,,,,,,,A little,A great deal,A lot,,,,,"It feels so unjustified why someone has to feel so bad just because of the type of coat he/she is wearing, even to the point where they would rather physically suffer",Promoter,10,25 - 34,Male,Urban,Liberal,Extremely familiar,Probably yes,,819231752,5d4523425c4d1a000104f55a,5dd4a34135582248315dfdca,5dd4dbd996afdf4a5cb93320
2019-11-19 23:25:37,2019-11-19 23:27:14,IP Address,107.136.199.25,100,96,TRUE,2019-11-19 23:27:14,R_1r8GkEXZ12Sxxo7,,,,,33.78729248,-117.9230957,anonymous,EN,5559a3a1fdf99b514bba308e,0,0,20.121,0,,,,,,,,,,,,,A moderate amount,A little,A lot,,,,,,,,,,,,the fact that the man was just so cruel towards the homeless people makes me upset. they are human beings. just because they are homelss doesn't mean they should be thought of as useless. ,Promoter,10,25 - 34,Female,Urban,Very Liberal,Moderately familiar,Definitely yes,,524972615,5559a3a1fdf99b514bba308e,5dd4a34135582248315dfdca,5dd4dc57ed7ea449843ebd87
2019-11-19 23:24:48,2019-11-19 23:27:14,IP Address,137.112.221.62,100,146,TRUE,2019-11-19 23:27:15,R_2B57vfG5r1YScek,,,,,39.46420288,-87.35310364,anonymous,EN,5d8c15010a2714001b629540,0,0,16.545,0,0,0,31.795,0,,,,,,,,,,,,A lot,A moderate amount,A moderate amount,A lot,,,,,,,,"It's really uplifting to see people who have had a rough time in life have some people in their corner that genuinely want to help, like the barber.",Detractor,5,18 - 24,Male,Suburban,Liberal,Not familiar at all,,,144291583,5d8c15010a2714001b629540,5dd4a34135582248315dfdca,5dd4dc2a9d9e304b454ce70a
2019-11-19 23:24:26,2019-11-19 23:27:19,IP Address,75.8.108.95,100,172,TRUE,2019-11-19 23:27:19,R_r1RlAH4TRps0jrH,,,,,32.82359314,-96.68139648,anonymous,EN,5dc368ce880a2927e264dbec,28.742,28.742,30.003,1,,,,,,,,,,,,,A little,A little,A lot,,,,,,,,,,,,There were a lot of poor people but the writer didn't feel any compassion for them.,Passive,8,25 - 34,Female,Urban,Liberal,Moderately familiar,Might or might not,,380214458,5dc368ce880a2927e264dbec,5dd4a34135582248315dfdca,5dd4dc1180628749b834befe
2019-11-19 23:23:25,2019-11-19 23:27:26,IP Address,75.129.64.202,100,240,TRUE,2019-11-19 23:27:26,R_3rS1HtvAT3zMsus,,,,,43.60549927,-84.77960205,anonymous,EN,5d8108c0a6d2bf001afdb2d9,,,,,,,,,4.632,7.559,84.611,4,0,0,35.918,0,,,,,,,,,,,A lot,A lot,A lot,A little,I could feel myself being the poor kid. I could understand the being teased for being poor and stuff. Running away is probably what I would do too. It was sad. I didn't feel relieved at the end because those kids still know Riley is poor and will still make fun of her/him.,Promoter,10,25 - 34,Male,Rural,Lean Liberal,Very familiar,Definitely not,,696752891,5d8108c0a6d2bf001afdb2d9,5dd4a34135582248315dfdca,5dd4dbdce25acf49eb460322
2019-11-19 23:21:41,2019-11-19 23:27:32,IP Address,68.56.89.185,100,351,TRUE,2019-11-19 23:27:33,R_9SrlikJbQGaS5cR,,,,,42.88020325,-85.53520203,anonymous,EN,5d923c2e235f4b0017f269c2,,,,,,,,,0,0,90.613,0,,,,,,,,,,,,A little,A little,A little,,,,,"I really don't pity people who don't bother to teach their kids it's better to shrug off the chuckles of others in hnd-me-downs than it is to be naked or cold without them. We're not poor by any means, but my younger kid wears her sister's hand-me-downs and our older kid is completely fine with used clothes from thrift shops. Whether or not someone wore something before them doesn't matter, and neither does a label/brand. Parents are doing their kids a HUGE disservice teaching their kids those matter when they absolutely don't.",Passive,8,35 - 44,Female,Suburban,Liberal,Moderately familiar,Might or might not,,680844604,5d923c2e235f4b0017f269c2,5dd4a34135582248315dfdca,5dd4db688ed6bf4a1f5a21c4
2019-11-19 23:22:05,2019-11-19 23:27:40,IP Address,100.15.160.186,100,335,TRUE,2019-11-19 23:27:40,R_1kXfONUGczdShc5,,,,,39.10629272,-76.86599731,anonymous,EN,5d63ff3c8979c6001bb4891b,,,,,,,,,0,0,47.057,0,0,0,25.125,0,,,,,,,,,,,A lot,A lot,A moderate amount,A moderate amount,"It's not hard to put myself in her shoes because my family wasn't always the richest as well. The story was something I could relate to, and it was upsetting to see someone getting bullied/made fun of for not having enough money to buy designer brands. ",Detractor,6,18 - 24,Female,Suburban,Liberal,Not familiar at all,,,485814498,5d63ff3c8979c6001bb4891b,5dd4a34135582248315dfdca,5dd4db8b8ed6bf4a7628b037
2019-11-19 23:26:17,2019-11-19 23:27:41,IP Address,104.0.241.181,100,83,TRUE,2019-11-19 23:27:41,R_ewFtSZHwkEnPyVP,,,,,39.95300293,-83.0766983,anonymous,EN,5d773df22fa4bf001a045aa9,,,,,,,,,,,,,,,,,,,,,,,,,,,,,,,,Detractor,3,25 - 34,Female,Urban,Liberal,Moderately familiar,,Might or might not,773992228,5d773df22fa4bf001a045aa9,5dd4a34135582248315dfdca,5dd4dc85fef7c24a927e87a5
2019-11-19 23:26:14,2019-11-19 23:27:46,IP Address,154.21.108.225,100,92,TRUE,2019-11-19 23:27:46,R_UcLkE68tEazk9e9,,,,,40.45509338,-74.48709869,anonymous,EN,5ca62477e8f5b200013ec11f,,,,,,,,,,,,,,,,,,,,,,,,,,,,,,,,Passive,8,18 - 24,Female,Rural,Moderate,Moderately familiar,Probably not,,378517180,5ca62477e8f5b200013ec11f,5dd4a34135582248315dfdca,5dd4dc7d523df04ab760d36d
2019-11-19 23:25:49,2019-11-19 23:27:48,IP Address,73.41.86.161,100,119,TRUE,2019-11-19 23:27:48,R_3KGYJcvMG2scgsv,,,,,38.55589294,-121.7391052,anonymous,EN,5d76bc8e529c4b00197aa4f2,6.308,7.023,18.559,4,1.936,13.832,21.323,20,,,,,,,,,,,,A lot,A great deal,A moderate amount,A lot,,,,,,,,"The story started off with a poor picture. The things described were not pleasant. Then, there was a good ending since someone helped the homeless. ",Passive,8,18 - 24,Female,Suburban,Liberal,Slightly familiar,Probably yes,,133039012,5d76bc8e529c4b00197aa4f2,5dd4a34135582248315dfdca,5dd4dc6be73e614a1508dba7
2019-11-19 23:25:35,2019-11-19 23:28:12,IP Address,47.28.8.235,100,156,TRUE,2019-11-19 23:28:12,R_3dZhEp4V6zLKgHm,,,,,45.33320618,-118.0854034,anonymous,EN,5da4813cfc4fb10016e5c6a1,9.906,25.913,32.715,12,,,,,,,,,,,,,None at all,A little,A great deal,,,,,,,,,,,,The narrator's reaction to the homeless was dehumanizing and unempathetic. ,Passive,8,25 - 34,Male,Rural,Very Liberal,Very familiar,Probably not,,502593172,5da4813cfc4fb10016e5c6a1,5dd4a34135582248315dfdca,5dd4dc4fcb9dd64a39fa12fd
2019-11-19 23:25:41,2019-11-19 23:28:12,IP Address,76.118.115.148,100,151,TRUE,2019-11-19 23:28:13,R_PBc4Ejtbuz0dCPT,,,,,41.69050598,-70.93579865,anonymous,EN,5dc05326c0621a000d3c9e28,0,0,24.344,0,,,,,,,,,,,,,A little,A moderate amount,A lot,,,,,,,,,,,,"Imagining walking amongst a lot of ill, homeless people made me feel uncomfortable and guilty. I feel this way because in that situation I wish I could do more, but I do not know where to start with a situation like that.",Passive,8,18 - 24,Male,Urban,Very Liberal,Not familiar at all,Probably yes,,431719332,5dc05326c0621a000d3c9e28,5dd4a34135582248315dfdca,5dd4dc58cc19204910a237fe
2019-11-19 23:25:13,2019-11-19 23:28:20,IP Address,128.230.163.46,100,186,TRUE,2019-11-19 23:28:21,R_UsZUHNJSG52caHL,,,,,43.03979492,-76.1427002,anonymous,EN,5c70506a18126000010d4b00,,,,,,,,,0,0,61.341,0,0,0,29.047,0,,,,,,,,,,,A great deal,A moderate amount,A great deal,A great deal,I've experienced being made fun of for what I had to wear.,Detractor,6,18 - 24,Female,Urban,Very Liberal,Moderately familiar,,,135984344,5c70506a18126000010d4b00,5dd4a34135582248315dfdca,5dd4dc34523df04a099e12a1
2019-11-19 23:26:26,2019-11-19 23:28:53,IP Address,158.104.1.65,100,147,TRUE,2019-11-19 23:28:53,R_1NaE4jiaRlyLUpl,,,,,44.94659424,-123.010498,anonymous,EN,5d13d574bc547a00182551b8,0,0,20.808,0,0,0,24.955,0,,,,,,,,,,,,A lot,A little,A moderate amount,A moderate amount,,,,,,,,it was nice the homeless people got to feel better about themselves and it seemed the person may begin to see past their biases against the homeless,Promoter,9,18 - 24,Female,Suburban,Liberal,Slightly familiar,Might or might not,,268269011,5d13d574bc547a00182551b8,5dd4a34135582248315dfdca,5dd4dc8dade4624a7377607b
2019-11-19 23:24:18,2019-11-19 23:28:56,IP Address,76.109.190.164,100,278,TRUE,2019-11-19 23:28:56,R_3IaSsvKdYh2E9pY,,,,,25.69580078,-80.36260223,anonymous,EN,5dcba335ff014d85185aefa4,,,,,,,,,26.655,122.695,125.233,5,,,,,,,,,,,,A great deal,A great deal,A great deal,,,,,"I've been bullied and been an outcast my whole life, I know exactly what this kid is feeling.",Passive,8,35 - 44,Male,Suburban,Very Liberal,Moderately familiar,Definitely not,,713135971,5dcba335ff014d85185aefa4,5dd4a34135582248315dfdca,5dd4dc0d710dfc4aaceca231
2019-11-19 23:26:07,2019-11-19 23:29:13,IP Address,68.117.134.64,100,186,TRUE,2019-11-19 23:29:13,R_41JKXG0VAXOPIoV,,,,,43.07000732,-89.51059723,anonymous,EN,5d94f75c6e3983001ab9de2d,,,,,,,,,0,0,64.452,0,,,,,,,,,,,,A moderate amount,A lot,A lot,,,,,"Riley's emotions were clear and it seemed really cruel the way the other students were treating them. One part of the story that kept me from full immersion, though, was that it felt a little over-the-top and unrealistic that everyone would be pointing and laughing, but maybe Riley's exaggerating or inflating the reaction in their own head.",Promoter,10,25 - 34,Female,Suburban,Lean Liberal,Extremely familiar,Definitely yes,,173622977,5d94f75c6e3983001ab9de2d,5dd4a34135582248315dfdca,5dd4dc793c49374b3f0f99c2
2019-11-19 23:26:30,2019-11-19 23:29:25,IP Address,169.234.225.153,100,174,TRUE,2019-11-19 23:29:25,R_3dFTT0wDptqc4aS,,,,,33.64610291,-117.8424988,anonymous,EN,5d047da3cc139a0001d690f5,,,,,,,,,0,0,47.901,0,,,,,,,,,,,,A little,A moderate amount,None at all,,,,,"I felt bad for the person in the story. I know how it feels to grow up poor without a lot of clothes. No one ever made fun of me for it, but I understand.",Passive,7,18 - 24,Female,Suburban,Liberal,Extremely familiar,Might or might not,,329729536,5d047da3cc139a0001d690f5,5dd4a34135582248315dfdca,5dd4dc92da167d4a9ed15eb4
2019-11-19 23:27:06,2019-11-19 23:29:30,IP Address,74.131.103.121,100,144,TRUE,2019-11-19 23:29:31,R_xtkJFsPVJcbqVP3,,,,,38.04629517,-85.56079865,anonymous,EN,5d5e4baff521f100166c5d3a,18.402,19.68,20.36,2,,,,,,,,,,,,,A lot,A lot,A lot,,,,,,,,,,,,homelessness is a rampant problem where I live and I've seen what they go through just to get by.,Passive,8,18 - 24,Male,Urban,Very Liberal,Moderately familiar,Might or might not,,541517165,5d5e4baff521f100166c5d3a,5dd4a34135582248315dfdca,5dd4dcb17aa0d64ad56687d6
2019-11-19 23:24:12,2019-11-19 23:29:40,IP Address,24.171.64.80,100,327,TRUE,2019-11-19 23:29:40,R_1mVL5mk6FWvCfvV,,,,,38.3170929,-88.91369629,anonymous,EN,5b91f3f9d99ca20001ef6d8b,,,,,,,,,29.596,97.867,100.015,4,,,,,,,,,,,,A great deal,A lot,A great deal,,,,,"I could envision the student wearing a jean jacket until it was far too cold, just to avoid being mocked by the other students.  The cold is painful, but the bullying is much worse.  I could feel the embarrassment and anger at being too poor to afford what the others had.",Promoter,10,55 - 64,Female,Rural,Liberal,Slightly familiar,Might or might not,,950742386,5b91f3f9d99ca20001ef6d8b,5dd4a34135582248315dfdca,5dd4dc0037081049e9917c15
2019-11-19 23:24:39,2019-11-19 23:29:47,IP Address,174.54.2.110,100,307,TRUE,2019-11-19 23:29:47,R_1lorDSc9fMKT5Wm,,,,,39.81950378,-77.90730286,anonymous,EN,5b564680ed90280001510d9a,0,0,36.744,0,20.544,20.544,81.137,1,,,,,,,,,,,,A lot,A moderate amount,A moderate amount,A lot,,,,,,,,"It hurts to see hopelessness and desperation.  When they are relieved, so am I.",Passive,8,25 - 34,Male,Rural,Lean Liberal,Slightly familiar,Might or might not,,848658597,5b564680ed90280001510d9a,5dd4a34135582248315dfdca,5dd4dad2070fdc4a7deefa72
2019-11-19 23:22:06,2019-11-19 23:30:38,IP Address,24.22.127.17,100,512,TRUE,2019-11-19 23:30:38,R_3Dwtad5e2hh6MOe,,,,,44.06829834,-123.0763016,anonymous,EN,5d5f97d18d3cd600171a294c,,,,,,,,,,,,,,,,,,,,,,,,,,,,,,,,Promoter,10,18 - 24,Male,Suburban,Liberal,Extremely familiar,Definitely yes,,594838165,5d5f97d18d3cd600171a294c,5dd4a34135582248315dfdca,5dd4db82670d1a4990deb133
2019-11-19 23:26:48,2019-11-19 23:30:38,IP Address,176.200.25.220,100,230,TRUE,2019-11-19 23:30:39,R_2CODp3zVA02ejF2,,,,,45.43170166,10.98590088,anonymous,EN,5da0d9012a275000127cf814,,,,,,,,,1.813,99.746,100.724,19,,,,,,,,,,,,A moderate amount,A moderate amount,A moderate amount,,,,,"The feeling of unease felt by the main character, which I felt many times before",Promoter,10,45 - 54,Male,Suburban,Liberal,Very familiar,Might or might not,,310034542,5da0d9012a275000127cf814,5dd4a34135582248315dfdca,5dd4dca30605eb4aec107dee
2019-11-19 23:21:35,2019-11-19 23:31:13,IP Address,71.68.177.159,100,577,TRUE,2019-11-19 23:31:13,R_xgQBWDUjliJ8sN3,,,,,32.97579956,-80.18689728,anonymous,EN,5b0763afa84dcf0001bef586,,,,,,,,,2.202,140.859,165.091,7,,,,,,,,,,,,None at all,None at all,A moderate amount,,,,,I have a hard time relating to this because I don't care what other people think about me. Even as a teen I never understood why people let other people get to them. I did feel a sense of injustice for the person because I think people who judge people by their clothes are idiots. ,Detractor,5,25 - 34,Female,Suburban,Lean Liberal,Slightly familiar,,,940045304,5b0763afa84dcf0001bef586,5dd4a34135582248315dfdca,5dd4db6983e3094a657d5b5b
2019-11-19 23:24:36,2019-11-19 23:31:14,IP Address,98.222.210.166,100,397,TRUE,2019-11-19 23:31:14,R_26gpG5mZTsA2rGL,,,,,41.89199829,-87.64160156,anonymous,EN,5ca185065225d60017b0ecb1,,,,,,,,,0,0,71.51,0,0,0,137.722,0,,,,,,,,,,,A moderate amount,A moderate amount,A great deal,A lot,"It's such a petty, arbitrary reason to exclude someone, for having a particular garment but not the right kind. It's one of those factors that high school deems important, but once high school is over, you realize is ultimately pointless, and only instituted so certain kids can feel better than others. It's never fair, and something the kid has no control over. Reading that arbitrary barrier was gone was a relief, because it was such an inane thing that created so much unwarranted stress. ",Detractor,6,25 - 34,Female,Urban,Lean Liberal,Moderately familiar,,,720519240,5ca185065225d60017b0ecb1,5dd4a34135582248315dfdca,5dd4dc1b929d5d4a79b064af
2019-11-19 23:25:41,2019-11-19 23:31:19,IP Address,73.6.218.229,100,337,TRUE,2019-11-19 23:31:19,R_3HoXZHVlGsDUAsL,,,,,30.00430298,-95.17469788,anonymous,EN,5ad93fa080491c000142d619,,,,,,,,,1.569,71.001,72.262,4,2.184,2.184,33.801,1,,,,,,,,,,,A lot,A lot,A moderate amount,A moderate amount,"I have felt this way before as a child. I saw the way the character felt as if they did not belong and being able to see their thoughts made me feel the pain, versus witnessing it as a bystander.",Promoter,9,25 - 34,Female,Urban,Liberal,Slightly familiar,Might or might not,,116274555,5ad93fa080491c000142d619,5dd4a34135582248315dfdca,5dd4dc639b66eb4b8896877b
2019-11-19 23:23:48,2019-11-19 23:31:19,IP Address,71.218.42.165,100,451,TRUE,2019-11-19 23:31:19,R_2fe3zawrgCJkVF5,,,,,39.68760681,-104.9103012,anonymous,EN,5d4200720eddc0000173e988,,,,,,,,,13.547,13.547,77.895,1,0,0,285.598,0,,,,,,,,,,,A little,A little,A little,A lot,The overall relation i can form with wanting designer brands but being denied for any number of reasons,Passive,7,18 - 24,Male,Suburban,Very Liberal,Moderately familiar,Probably yes,,669551744,5d4200720eddc0000173e988,5dd4a34135582248315dfdca,5dd4dbf0ef419749e28affe5
2019-11-19 23:27:05,2019-11-19 23:32:10,IP Address,142.129.144.192,100,305,TRUE,2019-11-19 23:32:11,R_2658tP3YmzgNL2g,,,,,33.98539734,-117.8972015,anonymous,EN,5d950548d4ff5900180f87b5,,,,,,,,,0,0,58.925,0,0,0,28.265,0,,,,,,,,,,,A moderate amount,A moderate amount,A little,A lot,The girl received good news about the announcement the school posted. Her negative feelings wearing that coat will no longer a problem. ,Promoter,9,25 - 34,Male,Suburban,Liberal,Moderately familiar,Definitely yes,,329043061,5d950548d4ff5900180f87b5,5dd4a34135582248315dfdca,5dd4dcb8e2dcbd4a933358fc
2019-11-19 23:26:17,2019-11-19 23:32:43,IP Address,208.72.150.14,100,386,TRUE,2019-11-19 23:32:44,R_3h9FuS5bwAu8uLQ,,,,,47.89770508,-97.03939819,anonymous,EN,5d63867550d0dd0017805976,,,,,,,,,0,0,110.277,0,0,0,80.066,0,,,,,,,,,,,A moderate amount,A great deal,A great deal,A great deal,I felt a sense of relief knowing that there are adults that don't want kids to feel lesser than other kids because of the clothes they wear,Passive,7,35 - 44,Male,Suburban,Very Liberal,Moderately familiar,Might or might not,,969297372,5d63867550d0dd0017805976,5dd4a34135582248315dfdca,5dd4dc80d690724a4a577bcf
2019-11-19 23:32:13,2019-11-19 23:32:51,IP Address,73.119.55.51,100,38,TRUE,2019-11-19 23:32:52,R_1ILYFlAEuD539x7,,,,,42.37680054,-71.06109619,anonymous,EN,5d48fcc5643eb80001fb43fa,,,,,,,,,,,,,,,,,,,,,,,,,,,,,,,,Passive,8,25 - 34,Male,Urban,Very Liberal,Slightly familiar,Might or might not,,321350063,5d48fcc5643eb80001fb43fa,5dd4a34135582248315dfdca,5dd4ddeab966de4aca718313
2019-11-19 23:29:29,2019-11-19 23:33:17,IP Address,47.136.231.113,100,228,TRUE,2019-11-19 23:33:18,R_xGEbEaqH54P66VX,,,,,34.02819824,-117.0372009,anonymous,EN,5aea962d0ef2f20001858c9c,11.064,34.997,36.433,5,30.797,36.843,39.045,4,,,,,,,,,,,,A lot,A moderate amount,A moderate amount,A great deal,,,,,,,,There is a large number of homeless people that are near here that I have to pass by frequently. So this story was rather easy to imagine since I've had similar experiences and feelings. It was a nice ending to the story that you don't often get to hear.,Promoter,10,35 - 44,Male,Rural,Lean Liberal,Moderately familiar,Might or might not,,789631412,5aea962d0ef2f20001858c9c,5dd4a34135582248315dfdca,5dd4dc8df78cf24a2bb84dee
2019-11-19 23:21:43,2019-11-19 23:35:07,IP Address,136.55.149.235,100,803,TRUE,2019-11-19 23:35:07,R_25ZAprrP5e4zeiI,,,,,33.74850464,-84.38710022,anonymous,EN,5b7ca5e38a78ff000189cf02,33.364,59.523,60.18,9,,,,,,,,,,,,,A lot,A moderate amount,A moderate amount,,,,,,,,,,,,The description of people suffering ( having to pick half eaten sandwiches out of the trash can ) and the environment that are forced to live in made me feel a bit uncomfortable and sad.,Promoter,10,25 - 34,Female,Suburban,Liberal,Moderately familiar,Probably yes,,839197788,5b7ca5e38a78ff000189cf02,5dd4a34135582248315dfdca,5dd4db7082569a4a45aa5be1
2019-11-19 23:24:15,2019-11-19 23:35:45,IP Address,68.44.121.156,100,690,TRUE,2019-11-19 23:35:45,R_ueaBX9YOzlVYBoJ,,,,,39.92080688,-85.36630249,anonymous,EN,5c476d19e101a500012ec201,,,,,,,,,0,0,80.97,0,,,,,,,,,,,,A little,A lot,A great deal,,,,,I feel much compassion for income inequality in society and bullying.  No one deserves to be treated the way that way.,Promoter,9,35 - 44,Male,Suburban,Very Liberal,Very familiar,Might or might not,,115295553,5c476d19e101a500012ec201,5dd4a34135582248315dfdca,5dd4dc0ab966de4a76328dea
2019-11-19 23:15:27,2019-11-19 23:38:05,IP Address,67.197.188.195,100,1357,TRUE,2019-11-19 23:38:05,R_1GWhQenxtqSYIDF,,,,,34.9151001,-81.01290131,anonymous,EN,5b4823ebfa51a70001ff74f8,,,,,,,,,0,0,58.816,0,0,0,33.758,0,,,,,,,,,,,A lot,A great deal,A great deal,A lot,"I identified with the subject who faced ridicule. I attended a conservative, Christian grade school, and I didn't fit in terms of many facets of identity.",Passive,8,18 - 24,Male,Urban,Very Liberal,Very familiar,Definitely not,,684374239,5b4823ebfa51a70001ff74f8,5dd4a34135582248315dfdca,5dd4d9fd41fb3f498245d00d
2019-11-19 23:13:59,2019-11-19 23:39:54,IP Address,85.75.62.244,100,1555,TRUE,2019-11-19 23:39:54,R_yUeTBI0liDxQ4A9,,,,,37.98420715,23.73530579,anonymous,EN,5d33ff76f665c6001ab9aa1e,,,,,,,,,5.664,52.041,52.762,4,7.35,27.914,28.807,5,,,,,,,,,,,A lot,A great deal,A moderate amount,A lot,I feel like we all deserve to feel happy and don't get judged by appearance ,Passive,7,25 - 34,Female,Rural,Lean Conservative,Very familiar,Probably yes,,479564433,5d33ff76f665c6001ab9aa1e,5dd4a34135582248315dfdca,5dd4d99296afdf4a06bd8174
2019-11-19 23:23:50,2019-11-19 23:42:33,IP Address,76.105.200.194,100,1123,TRUE,2019-11-19 23:42:33,R_2cdZbUVExzvwCFm,,,,,45.66520691,-122.5214996,anonymous,EN,5ceef5a66441f4000139711f,11.675,60.814,65.712,5,4.763,74.13,75.431,9,,,,,,,,,,,,A great deal,None at all,A great deal,A great deal,,,,,,,,"The barber has a kindness that goes beyond a limited view. A person can look in a mirror but may only see flaws and judgement. Compassion was a gift given, with dignity and not judging. People who are suffering might be struggling with.",Promoter,10,45 - 54,Female,Suburban,Liberal,Slightly familiar,Probably not,,898688779,5ceef5a66441f4000139711f,5dd4a34135582248315dfdca,5dd4dbedd2c3e049e9db1177
2019-11-19 23:24:17,2019-11-19 23:42:59,IP Address,98.14.210.57,100,1121,TRUE,2019-11-19 23:42:59,R_3nNRsiDNnD5lQgV,,,,,40.71229553,-73.79850006,anonymous,EN,5a01dd7b728b1b0001ad8acb,,,,,,,,,2.313,2.313,600.427,1,0,0,27.258,0,,,,,,,,,,,A little,A moderate amount,A little,A little,I just went with what my gut felt.,Passive,8,18 - 24,Male,Urban,Liberal,Moderately familiar,Might or might not,,877617294,5a01dd7b728b1b0001ad8acb,5dd4a34135582248315dfdca,5dd4dc101228d94a3b5c82e7
2019-11-19 23:58:14,2019-11-19 23:59:13,IP Address,99.203.79.132,100,59,TRUE,2019-11-19 23:59:14,R_2cAv9aaAzecfmim,,,,,41.84829712,-87.65170288,anonymous,EN,5c3255d77bd5e20001d548d0,,,,,,,,,,,,,,,,,,,,,,,,,,,,,,,,Promoter,9,25 - 34,Female,Urban,Liberal,Very familiar,Probably yes,,362327651,5c3255d77bd5e20001d548d0,5dd4a34135582248315dfdca,5dd4e3fb5726044ab11aa293
2019-11-20 0:02:45,2019-11-20 0:05:23,IP Address,47.148.162.141,100,157,TRUE,2019-11-20 0:05:23,R_2AWLfKIg9GVT4PX,,,,,34.03489685,-117.6184998,anonymous,EN,5d1d0270601cd7000172942f,0,0,19.836,0,0,0,30.247,0,,,,,,,,,,,,A lot,A moderate amount,A great deal,A little,,,,,,,,"I feel deeply for the horrible conditions our homeless must live in, and I was happy to see them being able to feel fresh and confident, but also it disheartened me because I knew it didn't solve anything.",Promoter,9,18 - 24,Female,Suburban,Liberal,Slightly familiar,Definitely yes,,268173846,5d1d0270601cd7000172942f,5dd4a34135582248315dfdca,5dd4e50fa4aa264af6e70d9e
2019-11-19 23:23:40,2019-11-20 14:45:09,IP Address,174.194.192.170,100,55288,TRUE,2019-11-20 14:45:09,R_wOeG34HK5KBPqIp,,,,,37.74279785,-122.1744995,anonymous,EN,5d58d7d6280de7001aa7952a,10.571,28.802,32.757,3,,,,,,,,,,,,,A little,None at all,A great deal,,,,,,,,,,,,"Determined to continue to bring extra food and water and Band-Aids with me when I'm out and about. I'm a social worker, it's my job ",Promoter,10,35 - 44,Female,Urban,Very Liberal,Extremely familiar,Probably yes,,741861240,5d58d7d6280de7001aa7952a,5dd4a34135582248315dfdca,5dd4dbe5dd9a744b0887c192
2019-11-26 22:45:45,2019-11-26 22:46:25,IP Address,24.187.154.72,100,40,TRUE,2019-11-26 22:46:26,R_U9kCCtiYLWXrmE1,,,,,41.01289368,-73.75589752,anonymous,EN,5d93f4f22bde0400161aca3f,,,,,,,,,,,,,,,,,,,,,,,,,,,,,,,,Promoter,10,18 - 24,Male,Urban,Very Liberal,Extremely familiar,Definitely yes,,622052016,5d93f4f22bde0400161aca3f,5dd4a34135582248315dfdca,5dde0d85fd5b28d6da86cc15
2019-11-26 22:46:53,2019-11-26 22:47:39,IP Address,69.254.127.191,100,45,TRUE,2019-11-26 22:47:40,R_qQpnqi948Wsc8JX,,,,,27.26359558,-82.51709747,anonymous,EN,5c49c50260ba680001a61210,,,,,,,,,,,,,,,,,,,,,,,,,,,,,,,,Detractor,6,18 - 24,Female,Suburban,Liberal,Very familiar,,,608439194,5c49c50260ba680001a61210,5dd4a34135582248315dfdca,5dde0dc882a527d8da44ff56
2019-11-26 22:47:16,2019-11-26 22:47:40,IP Address,97.100.56.129,100,24,TRUE,2019-11-26 22:47:41,R_3jW1B7HEd5YRd9N,,,,,28.30560303,-81.41970062,anonymous,EN,5d8cf61c8057a8001b0569be,,,,,,,,,,,,,,,,,,,,,,,,,,,,,,,,Promoter,9,18 - 24,Male,Suburban,Liberal,Extremely familiar,Might or might not,,881859794,5d8cf61c8057a8001b0569be,5dd4a34135582248315dfdca,5dde0db001fadfd8353424f4
2019-11-26 22:45:54,2019-11-26 22:47:55,IP Address,104.137.30.248,100,121,TRUE,2019-11-26 22:47:55,R_2eOOZDgbUMwYf1g,,,,,32.59080505,-86.21600342,anonymous,EN,5dbdbc9da319ab2ecf2a0887,,,,,,,,,,,,,,,,,,,,,,,,,,,,,,,,Passive,8,25 - 34,Female,Suburban,Liberal,Not familiar at all,Probably yes,,593181133,5dbdbc9da319ab2ecf2a0887,5dd4a34135582248315dfdca,5dde0d8ae0b21bd7c74dc397
2019-11-26 22:46:56,2019-11-26 22:48:01,IP Address,138.229.203.231,100,65,TRUE,2019-11-26 22:48:01,R_4SCBq4m3rTR3FFT,,,,,33.86810303,-118.1831055,anonymous,EN,5aea9bcf5822e100014abc54,,,,,,,,,,,,,,,,,,,,,,,,,,,,,,,,Detractor,6,18 - 24,Male,Urban,Liberal,Not familiar at all,,,388878815,5aea9bcf5822e100014abc54,5dd4a34135582248315dfdca,5dde0dcbe454cdd81ca9b0d4
2019-11-26 22:47:34,2019-11-26 22:48:04,IP Address,24.16.67.159,100,30,TRUE,2019-11-26 22:48:05,R_2SGJdwUGG1LiyOp,,,,,47.5579071,-122.1632996,anonymous,EN,5d5ecd0a97f8b6001aee95ab,,,,,,,,,,,,,,,,,,,,,,,,,,,,,,,,Detractor,5,18 - 24,Male,Suburban,Lean Liberal,Moderately familiar,,,927930419,5d5ecd0a97f8b6001aee95ab,5dd4a34135582248315dfdca,5dde0df4ac504ad826a488da
2019-11-26 22:46:17,2019-11-26 22:48:15,IP Address,66.189.115.117,100,118,TRUE,2019-11-26 22:48:15,R_WcH9h02z8nKyChX,,,,,42.34320068,-71.83940125,anonymous,EN,5d14445a4e1adb0001bff411,7.031,19.017,21.361,5,,,,,,,,,,,,,A great deal,A great deal,A great deal,,,,,,,,,,,,It's always sad to see the homeless. You can't single handily help them all.,Promoter,10,25 - 34,Male,Suburban,Liberal,Very familiar,Probably yes,,706364359,5d14445a4e1adb0001bff411,5dd4a34135582248315dfdca,5dde0da4c73a01d8572507e7
2019-11-26 22:45:44,2019-11-26 22:48:23,IP Address,108.53.201.248,100,159,TRUE,2019-11-26 22:48:24,R_RWFddRnRsuRfdDz,,,,,40.84460449,-74.57489777,anonymous,EN,5dbbb58c03a8561923e97d90,1.301,2.501,26.212,2,,,,,,,,,,,,,A little,A little,A lot,,,,,,,,,,,,Humans should not be subjected to such conditions in any developed first world nation.,Promoter,10,25 - 34,Male,Suburban,Very Liberal,Very familiar,Probably yes,,708564504,5dbbb58c03a8561923e97d90,5dd4a34135582248315dfdca,5dde0d8611d494d7bbd058f3
2019-11-26 22:47:26,2019-11-26 22:48:47,IP Address,98.224.122.117,100,81,TRUE,2019-11-26 22:48:47,R_aXIMwZAequ4DIwF,,,,,38.76800537,-121.3348999,anonymous,EN,5dad39e6062efc00151a5d2f,,,,,,,,,,,,,,,,,,,,,,,,,,,,,,,,Detractor,6,25 - 34,Female,Suburban,Liberal,Not familiar at all,,,269929970,5dad39e6062efc00151a5d2f,5dd4a34135582248315dfdca,5dde0dd7e73e61d5f5189f84
2019-11-26 22:47:14,2019-11-26 22:49:07,IP Address,70.162.131.63,100,112,TRUE,2019-11-26 22:49:07,R_1JLurHItIi5PxkF,,,,,33.39079285,-111.9184036,anonymous,EN,57272517e386b9000e3e2b72,0,0,21.164,0,0,0,22.205,0,,,,,,,,,,,,A lot,A great deal,A great deal,A great deal,,,,,,,,"I love a happy ending. I was angry and sad at the condition of the homeless men, but glad that their dignity was restored.",Promoter,10,45 - 54,Female,Suburban,Liberal,Moderately familiar,Probably yes,,806741472,57272517e386b9000e3e2b72,5dd4a34135582248315dfdca,5dde0ddd7aa0d6d861315f5d
2019-11-26 22:45:38,2019-11-26 22:49:19,IP Address,24.44.74.210,100,220,TRUE,2019-11-26 22:49:20,R_2Ptm38NQGTC5zG6,,,,,40.94509888,-74.25309753,anonymous,EN,5db0d653cb16d8001305ea1b,0,0,30.854,0,,,,,,,,,,,,,A lot,A little,A moderate amount,,,,,,,,,,,,This is something that I've experienced personally so I can easily relate to what I read. I could imagine the smells and scene very clearly.,Promoter,10,25 - 34,Female,Suburban,Liberal,Very familiar,Probably yes,,789980305,5db0d653cb16d8001305ea1b,5dd4a34135582248315dfdca,5dde0d7fa71de8d868229098
2019-11-26 22:46:34,2019-11-26 22:49:26,IP Address,24.247.131.141,100,172,TRUE,2019-11-26 22:49:27,R_1opXa34GHN87yIz,,,,,46.4151001,-84.28540039,anonymous,EN,5ceb685da7afdc00166f8391,24.463,24.463,29.454,1,1.921,31.573,36.027,2,,,,,,,,,,,,A great deal,A little,A lot,A moderate amount,,,,,,,,It is hard to fathom living on the cold streets and unsure where your next meal/bed is coming from. It is unsettling and very sad. ,Passive,7,25 - 34,Male,Rural,Lean Liberal,Moderately familiar,Probably yes,,812011797,5ceb685da7afdc00166f8391,5dd4a34135582248315dfdca,5dde0db619eecbd7b9575b1c
2019-11-26 22:45:49,2019-11-26 22:49:29,IP Address,107.194.175.4,100,219,TRUE,2019-11-26 22:49:29,R_p0e9hBnPeFfaDOF,,,,,42.51800537,-83.1576004,anonymous,EN,5d5c98f6121fc80001960e82,0,0,17.09,0,0,0,29.527,0,,,,,,,,,,,,A great deal,None at all,A little,A great deal,,,,,,,,"I was surprised at how revolted the person was, but I could understand their point of view. However, I also shared the happiness at the end of the story.",Passive,8,25 - 34,Male,Suburban,Liberal,Very familiar,Probably yes,,252239083,5d5c98f6121fc80001960e82,5dd4a34135582248315dfdca,5dde0d8acf08aad7499e4006
2019-11-26 22:47:18,2019-11-26 22:49:31,IP Address,108.54.32.94,100,133,TRUE,2019-11-26 22:49:32,R_1NyQ6j9CWrs0gwx,,,,,40.76370239,-73.76950073,anonymous,EN,5d4916dd20a7c00016ab9d19,0,0,23.659,0,,,,,,,,,,,,,A little,A moderate amount,None at all,,,,,,,,,,,,"I think if I would have been in a neighborhood full of homeless people, I might have reacted in a similar way. However usually when I pass by homeless people I don't care at all.",Passive,7,18 - 24,Male,Suburban,Liberal,Moderately familiar,Definitely yes,,552580414,5d4916dd20a7c00016ab9d19,5dd4a34135582248315dfdca,5dde0de4caee3ed6bee34506
2019-11-26 22:48:11,2019-11-26 22:49:36,IP Address,50.88.170.118,100,85,TRUE,2019-11-26 22:49:36,R_40Yx35CYlMbfNxD,,,,,28.48829651,-81.40609741,anonymous,EN,5d0d16d991270800010b7dd7,,,,,,,,,,,,,,,,,,,,,,,,,,,,,,,,Passive,7,35 - 44,Male,Urban,Lean Liberal,Not familiar at all,Probably not,,823325268,5d0d16d991270800010b7dd7,5dd4a34135582248315dfdca,5dde0e141c219bd7b0bb6549
2019-11-26 22:45:54,2019-11-26 22:49:45,IP Address,174.220.5.235,100,231,TRUE,2019-11-26 22:49:45,R_szYSAX50c5m9NSh,,,,,41.70170593,-73.90779877,anonymous,EN,5800e50de3536e00012840f4,0,0,49.697,0,0,0,49.847,0,,,,,,,,,,,,A lot,None at all,A great deal,A little,,,,,,,,The storyteller had little compassion until the homeless were cleaned up.,Promoter,10,55 - 64,Female,Rural,Very Liberal,Moderately familiar,Definitely yes,,664959479,5800e50de3536e00012840f4,5dd4a34135582248315dfdca,5dde0d84e73e61d64d92e5fb
2019-11-26 22:48:57,2019-11-26 22:49:53,IP Address,76.17.205.123,100,56,TRUE,2019-11-26 22:49:54,R_1MKv5z7Mex6Un6V,,,,,44.97639465,-93.22399902,anonymous,EN,5c57631a47a04100010da795,,,,,,,,,,,,,,,,,,,,,,,,,,,,,,,,Promoter,9,25 - 34,Male,Urban,Liberal,Extremely familiar,Probably yes,,212570095,5c57631a47a04100010da795,5dd4a34135582248315dfdca,5dde0e41e4bf20d7049ccae6
2019-11-26 22:47:03,2019-11-26 22:49:59,IP Address,159.117.185.171,100,176,TRUE,2019-11-26 22:49:59,R_PB2LHGyk5cKdVlL,,,,,33.78269958,-79.14730072,anonymous,EN,5c9107147a7067000190a544,0,0,41.338,0,0,0,30.4,0,,,,,,,,,,,,A great deal,None at all,A lot,A great deal,,,,,,,,I believe in helping others who need a hand.,Promoter,10,35 - 44,Male,Rural,Liberal,Moderately familiar,Probably yes,,270432018,5c9107147a7067000190a544,5dd4a34135582248315dfdca,5dde0dd0e08a36d781f14fe3
2019-11-26 22:46:17,2019-11-26 22:49:59,IP Address,75.65.108.56,100,221,TRUE,2019-11-26 22:49:59,R_3IXdOwhypRXjm0X,,,,,32.5316925,-92.17680359,anonymous,EN,5c6244086937550001232ae6,0,0,24.095,0,,,,,,,,,,,,,A moderate amount,A little,A moderate amount,,,,,,,,,,,,"That there are so many homeless people in our own country, and that they are seen as disgusting and disposable. ",Promoter,9,25 - 34,Male,Suburban,Lean Liberal,Not familiar at all,Probably yes,,462143442,5c6244086937550001232ae6,5dd4a34135582248315dfdca,5dde0da6806287d87104fc45
2019-11-26 22:49:19,2019-11-26 22:49:59,IP Address,108.94.145.194,100,40,TRUE,2019-11-26 22:50:00,R_1o1jTCW8aDSVrOE,,,,,30.03179932,-89.97119904,anonymous,EN,5d4a41890e604c00011ade8b,,,,,,,,,,,,,,,,,,,,,,,,,,,,,,,,Promoter,9,18 - 24,Male,Suburban,Liberal,Moderately familiar,Probably yes,,370959836,5d4a41890e604c00011ade8b,5dd4a34135582248315dfdca,5dde0e5deb3973d7094170e4
2019-11-26 22:47:54,2019-11-26 22:50:22,IP Address,71.69.0.25,100,148,TRUE,2019-11-26 22:50:23,R_3ff9HtfmnvCK7K2,,,,,37.09410095,-81.81230164,anonymous,EN,5cfbe5afd3251300013fee89,0,0,25.673,0,,,,,,,,,,,,,A lot,A little,A lot,,,,,,,,,,,,Nobody in a first world country should be living that way. There is so much more our government could be doing.,Detractor,6,35 - 44,Female,Rural,Liberal,Not familiar at all,,,419391020,5cfbe5afd3251300013fee89,5dd4a34135582248315dfdca,5dde0dff108b67d874e4e872
2019-11-26 22:47:46,2019-11-26 22:50:55,IP Address,71.36.123.236,100,189,TRUE,2019-11-26 22:50:55,R_uyWlHjuuarPa8lH,,,,,45.48039246,-122.5890961,anonymous,EN,5a8f7e24ae9a0b0001aa4e9c,38.464,61.987,81.527,9,,,,,,,,,,,,,A great deal,A lot,A moderate amount,,,,,,,,,,,,It all just makes me sad. I've walked past this sight many times in my day and I know the feeling.,Passive,7,25 - 34,Male,Urban,Liberal,Slightly familiar,Definitely not,,993321456,5a8f7e24ae9a0b0001aa4e9c,5dd4a34135582248315dfdca,5dde0df611d494d75ee2decb
2019-11-26 22:46:14,2019-11-26 22:50:57,IP Address,47.211.40.227,100,283,TRUE,2019-11-26 22:50:58,R_2S6QmXn30EfavKE,,,,,31.28689575,-92.46050262,anonymous,EN,5b7d28b6c4e6ad0001d37b68,13.008,19.731,20.005,4,0,0,74.052,0,,,,,,,,,,,,A moderate amount,A lot,A lot,A moderate amount,,,,,,,,the homeless people getting a haircut made me feel good.,Passive,8,18 - 24,Male,Suburban,Lean Liberal,Slightly familiar,Might or might not,,750077481,5b7d28b6c4e6ad0001d37b68,5dd4a34135582248315dfdca,5dde0da0e0b21bd81aa2e57b
2019-11-26 22:45:41,2019-11-26 22:51:18,IP Address,174.21.76.202,100,337,TRUE,2019-11-26 22:51:19,R_3kbISpK9nJUpfJI,,,,,47.53570557,-122.350296,anonymous,EN,5ccb55d3ce1ed50016360b57,0,0,34.187,0,,,,,,,,,,,,,A little,None at all,A great deal,,,,,,,,,,,,"Whoever wrote this is either sickened because he hates to see people having to endure such terrible conditions or because they think these people deserve what they've got and where they are. It is difficult to distinguish, but it seems to me to be the former, and not the latter, which is a despicable way to look at things. If that were the case, the person with these views is clearly privileged and ignorant as to how the world, and human beings, truly work. I am sickened by this perception as these people only perpetuate the problems faced by the most vulnerable. ",Promoter,10,25 - 34,Male,Suburban,Moderate,Extremely familiar,Might or might not,,357125040,5ccb55d3ce1ed50016360b57,5dd4a34135582248315dfdca,5dde0d7e307b8dd7db72ec31
2019-11-26 22:46:33,2019-11-26 22:51:35,IP Address,73.19.225.148,100,302,TRUE,2019-11-26 22:51:35,R_tJML7WRGWkaV2Hn,,,,,36.01300049,-84.26239777,anonymous,EN,5cc3db736f21710017a49604,4.583,20.453,21.85,12,14.879,19.106,29.289,16,,,,,,,,,,,,A little,A little,A lot,A moderate amount,,,,,,,,"The reactions of the narrator made it a bit difficult to put myself in their perspective (reacting so harshly to the living conditions of the homeless), but I did think it was wrong that they were living that way. The conclusion was okay, as it was a good thing that this man was helping to clean these people up.",Promoter,10,18 - 24,Male,Rural,Liberal,Moderately familiar,Might or might not,,133860363,5cc3db736f21710017a49604,5dd4a34135582248315dfdca,5dde0db6961cb3d7c6042961
2019-11-26 22:49:04,2019-11-26 22:52:12,IP Address,73.65.179.216,100,188,TRUE,2019-11-26 22:52:13,R_25v9HiNBgPnTP4Y,,,,,40.62260437,-111.7777023,anonymous,EN,5a444e06817d1800018d11be,0,0,31.863,0,,,,,,,,,,,,,A little,A little,A moderate amount,,,,,,,,,,,,Seeing and smelling that would probably repulse me a little. But they are people and I'd rather they be better taken care of.,Promoter,10,25 - 34,Male,Suburban,Liberal,Very familiar,Might or might not,,168334267,5a444e06817d1800018d11be,5dd4a34135582248315dfdca,5dde0e4b0605ebd96c05db3c
2019-11-26 22:50:51,2019-11-26 22:52:14,IP Address,104.230.235.90,100,82,TRUE,2019-11-26 22:52:14,R_3MA6Zex9p40PFdI,,,,,39.9750061,-82.8207016,anonymous,EN,5d66ea7549716000187f26af,,,,,,,,,,,,,,,,,,,,,,,,,,,,,,,,Promoter,10,18 - 24,Female,Suburban,Liberal,Not familiar at all,Probably not,,688879015,5d66ea7549716000187f26af,5dd4a34135582248315dfdca,5dde0e307cc973d7921842be
2019-11-26 22:49:03,2019-11-26 22:52:14,IP Address,99.22.140.17,100,191,TRUE,2019-11-26 22:52:15,R_VHZ4QpirRLtBXJ7,,,,,38.49569702,-121.5348053,anonymous,EN,5c395df5f5ebd50001850900,0,0,48.46,0,,,,,,,,,,,,,A lot,A moderate amount,A moderate amount,,,,,,,,,,,,"I see what the person in the story sees on a daily basis. The smell is very true to my life, and it's not a great smell to say the least. But I know better and I know that their plight isn't necessarily their fault, so I can't blame them as much as the person in the story does.",Promoter,10,18 - 24,Male,Suburban,Very Liberal,Very familiar,Probably not,,582527980,5c395df5f5ebd50001850900,5dd4a34135582248315dfdca,5dde0e3deb3973d6b3774425
2019-11-26 22:49:29,2019-11-26 22:52:27,IP Address,65.249.163.137,100,178,TRUE,2019-11-26 22:52:28,R_1gjz6bTPxyOV6nR,,,,,40.78100586,-73.95010376,anonymous,EN,5dc1ad1d6c809d110518046d,,,,,,,,,,,,,,,,,,,,,,,,,,,,,,,,Promoter,10,35 - 44,Male,Urban,Very Liberal,Extremely familiar,Definitely yes,,157689065,5dc1ad1d6c809d110518046d,5dd4a34135582248315dfdca,5dde0e502e6c77d8df092711
2019-11-26 22:48:11,2019-11-26 22:52:27,IP Address,47.137.180.149,100,256,TRUE,2019-11-26 22:52:28,R_3HifqCLeXzSekMR,,,,,33.94360352,-117.995697,anonymous,EN,58cb138127e23a0001b4fb5d,23.879,74.42,75.622,2,,,,,,,,,,,,,A moderate amount,A moderate amount,A moderate amount,,,,,,,,,,,,The pictures showing homeless people on the streets.,Detractor,6,55 - 64,Female,Suburban,Liberal,Slightly familiar,,,321889166,58cb138127e23a0001b4fb5d,5dd4a34135582248315dfdca,5dde0e0f6d5225d7a6ff879c
2019-11-26 22:49:49,2019-11-26 22:52:48,IP Address,108.250.206.38,100,179,TRUE,2019-11-26 22:52:48,R_3KoRhi8CT36eJWX,,,,,29.86390686,-90.10669708,anonymous,EN,55a5f19bfdf99b28b5340d00,,,,,,,,,,,,,,,,,,,,,,,,,,,,,,,,Promoter,10,55 - 64,Male,Suburban,Very Liberal,Moderately familiar,Definitely yes,,519810774,55a5f19bfdf99b28b5340d00,5dd4a34135582248315dfdca,5dde0dc7dcec87d80da77a82
2019-11-26 22:48:30,2019-11-26 22:53:01,IP Address,108.252.65.223,100,270,TRUE,2019-11-26 22:53:01,R_0Us8VzZI9JEs0cV,,,,,37.70069885,-97.43830109,anonymous,EN,5aee513f3606ab0001b92b29,0,0,21.111,0,0,0,45.01,0,,,,,,,,,,,,A lot,None at all,A moderate amount,A great deal,,,,,,,,I was curious about the direction the scenario was going to take. I wasn't repulsed one bit because I can sympathize with just how hard people in that situation have it. And I feel like our society is failing some of the most vulnerable members of our society. I was glad to see that the barber was doing what he could to make a positive change.,Promoter,10,25 - 34,Male,Urban,Liberal,Extremely familiar,Definitely yes,,508591887,5aee513f3606ab0001b92b29,5dd4a34135582248315dfdca,5dde0e2d41fb3fd80d980bea
2019-11-26 22:52:32,2019-11-26 22:53:26,IP Address,99.23.1.222,100,54,TRUE,2019-11-26 22:53:27,R_21mp9yndU2pWLJt,,,,,29.6730957,-95.58560181,anonymous,EN,5d3752d6cec4c6000189e1ec,,,,,,,,,,,,,,,,,,,,,,,,,,,,,,,,Promoter,9,35 - 44,Female,Suburban,Liberal,Moderately familiar,Definitely yes,,242085358,5d3752d6cec4c6000189e1ec,5dd4a34135582248315dfdca,5dde0f1dcf08aad7499e400a
2019-11-26 22:50:28,2019-11-26 22:53:31,IP Address,162.201.129.98,100,182,TRUE,2019-11-26 22:53:31,R_2Yne514h1EqUZJZ,,,,,30.50950623,-88.97350311,anonymous,EN,5cf961c4e5e7c70015fa7a10,13.042,13.042,84.732,1,,,,,,,,,,,,,A moderate amount,A little,A lot,,,,,,,,,,,,I felt bad for the people because they have to live like that.,Passive,8,18 - 24,Female,Suburban,Liberal,Slightly familiar,Might or might not,,366180400,5cf961c4e5e7c70015fa7a10,5dd4a34135582248315dfdca,5dde0e402e4a05d7e38019b9
2019-11-26 22:49:30,2019-11-26 22:53:42,IP Address,45.29.244.238,100,251,TRUE,2019-11-26 22:53:42,R_vwClv0koWaerGmt,,,,,38.81199646,-89.96269989,anonymous,EN,5d63876854f7a50001c712e7,0,0,31.313,0,0,0,47.069,0,,,,,,,,,,,,A lot,None at all,A lot,A great deal,,,,,,,,"I thought the beginning was going to possibly continue into a very negative view of homeless people and it was refreshing as they ( I ) saw the barber cleaning everyone up, and seemed to end much more positively. ",Promoter,10,25 - 34,Male,Suburban,Very Liberal,Extremely familiar,Definitely yes,,319357661,5d63876854f7a50001c712e7,5dd4a34135582248315dfdca,5dde0e66c23e0dd78a5d5005
2019-11-26 22:49:32,2019-11-26 22:53:46,IP Address,99.169.157.112,100,254,TRUE,2019-11-26 22:53:47,R_0GjAhO4jrxd56Lv,,,,,25.53329468,-80.39730072,anonymous,EN,5da956c25a994b001650f1e3,32.469,32.469,33.492,1,,,,,,,,,,,,,A lot,A moderate amount,A lot,,,,,,,,,,,,"I feel uncomfortable, there is a sense of fear, pity and guilt. I fear that some of these people might be aggressive or mentally unstable. I feel pity because of the environment in which they live. Lastly, I feel guilty because I have had the right opportunities in life to be able to avoid this very situation.",Passive,8,25 - 34,Female,Suburban,Lean Liberal,Slightly familiar,Probably not,,305553749,5da956c25a994b001650f1e3,5dd4a34135582248315dfdca,5dde0e66ade462d77476dad6
2019-11-26 22:52:49,2019-11-26 22:53:53,IP Address,73.231.104.107,100,64,TRUE,2019-11-26 22:53:54,R_DACuXzUmPVunB05,,,,,34.66079712,-120.4423981,anonymous,EN,5d8076e9fdae37001cc20d6e,,,,,,,,,,,,,,,,,,,,,,,,,,,,,,,,Promoter,9,18 - 24,Male,Suburban,Liberal,Moderately familiar,Might or might not,,187760834,5d8076e9fdae37001cc20d6e,5dd4a34135582248315dfdca,5dde0f2d7d4595d73a923ef6
2019-11-26 22:51:46,2019-11-26 22:53:57,IP Address,98.255.48.4,100,130,TRUE,2019-11-26 22:53:58,R_1mqhYTJA6xgDZ0n,,,,,38.57249451,-121.4701996,anonymous,EN,5d58db559fe0f000170f3e8e,0,0,23.272,0,,,,,,,,,,,,,A little,A moderate amount,A great deal,,,,,,,,,,,,"Homeless individuals being referred to as ""them"" and not as people, the focus of the story on ""my"" experience walking to work and being inconvenienced vs. the experience of people without a home.",Passive,8,25 - 34,Female,Urban,Very Liberal,Moderately familiar,Probably yes,,207847561,5d58db559fe0f000170f3e8e,5dd4a34135582248315dfdca,5dde0eee9255edd6fd667551
2019-11-26 22:49:22,2019-11-26 22:54:05,IP Address,173.26.37.240,100,282,TRUE,2019-11-26 22:54:05,R_3kcu4E0O9nrrrq9,,,,,31.51049805,-84.30870056,anonymous,EN,5aa637861eda41000136d5d2,1.39,43.778,44.688,15,1.213,45.382,48.168,11,,,,,,,,,,,,A great deal,A moderate amount,A great deal,A moderate amount,,,,,,,,It's depressing to see anyone living on the street. ,Promoter,10,25 - 34,Male,Suburban,Lean Liberal,Slightly familiar,Might or might not,,951048956,5aa637861eda41000136d5d2,5dd4a34135582248315dfdca,5dde0de41b28c0d7c6780a5f
2019-11-26 22:53:20,2019-11-26 22:54:13,IP Address,24.112.118.153,100,53,TRUE,2019-11-26 22:54:13,R_3J42KSxj3IkcMP5,,,,,36.47099304,-83.55519867,anonymous,EN,5c3f73e9d831ed0001f794ec,,,,,,,,,,,,,,,,,,,,,,,,,,,,,,,,Promoter,9,25 - 34,Female,Rural,Liberal,Very familiar,Probably yes,,362163591,5c3f73e9d831ed0001f794ec,5dd4a34135582248315dfdca,5dde0f4d0f8d51d88feae760
2019-11-26 22:53:53,2019-11-26 22:54:33,IP Address,149.142.27.217,100,40,TRUE,2019-11-26 22:54:33,R_syVMHR50kEQgnKx,,,,,34.06480408,-118.4413986,anonymous,EN,5dae46a3a075d100131fc4e3,,,,,,,,,,,,,,,,,,,,,,,,,,,,,,,,Detractor,6,18 - 24,Female,Suburban,Very Liberal,Moderately familiar,,,679315417,5dae46a3a075d100131fc4e3,5dd4a34135582248315dfdca,5dde0f6b270f44d792b9d6d6
2019-11-26 22:53:48,2019-11-26 22:54:42,IP Address,184.61.251.39,100,54,TRUE,2019-11-26 22:54:42,R_2aqm0WkXWTN95eJ,,,,,34.19119263,-85.76380157,anonymous,EN,5db103ed236ef00013611a6f,,,,,,,,,,,,,,,,,,,,,,,,,,,,,,,,Promoter,10,35 - 44,Female,Rural,Very Liberal,Moderately familiar,Definitely not,,798678463,5db103ed236ef00013611a6f,5dd4a34135582248315dfdca,5dde0f687af661d7f4f8f9cd
2019-11-26 22:52:46,2019-11-26 22:54:53,IP Address,72.177.64.129,100,127,TRUE,2019-11-26 22:54:53,R_22Vw0dmVfr999W4,,,,,30.24229431,-97.76719666,anonymous,EN,5d9f8122428ba50017ca3fc8,0,0,16.397,0,,,,,,,,,,,,,A lot,A little,A moderate amount,,,,,,,,,,,,"The amount of wealth inequality only gets bigger. I don't believe in handouts, but when the top however many percent of the world's wealth is accumulated in a tiny fraction of the population, that's a problem. ",Detractor,2,18 - 24,Male,Urban,Liberal,Very familiar,,Probably not,633765027,5d9f8122428ba50017ca3fc8,5dd4a34135582248315dfdca,5dde0f29326992d6ab7c6ea5
2019-11-26 22:49:27,2019-11-26 22:55:06,IP Address,166.216.159.225,100,339,TRUE,2019-11-26 22:55:07,R_1Cv8wBbcfuXK6MG,,,,,40.04570007,-83.07209778,anonymous,EN,5658000ca9872d0011e1ba26,0,0,25.254,0,0,0,44.081,0,,,,,,,,,,,,A lot,A little,A lot,A moderate amount,,,,,,,,The conditions described were awful and I felt the people living that way didn't deserve it. The conclusion gave a bit of optimism to the whole situation.,Promoter,10,25 - 34,Male,Rural,Very Liberal,Very familiar,Probably yes,,342226968,5658000ca9872d0011e1ba26,5dd4a34135582248315dfdca,5dde0e6041fb3fd80d980beb
2019-11-26 22:54:31,2019-11-26 22:55:08,IP Address,72.88.153.84,100,37,TRUE,2019-11-26 22:55:09,R_1Cmyw7nrshKQgE6,,,,,40.73370361,-74.19390106,anonymous,EN,58cc6e1293dac30001d4abc6,,,,,,,,,,,,,,,,,,,,,,,,,,,,,,,,Passive,8,45 - 54,Male,Urban,Liberal,Moderately familiar,Definitely yes,,789771629,58cc6e1293dac30001d4abc6,5dd4a34135582248315dfdca,5dde0f8be08a36d6dc88813f
2019-11-26 22:52:15,2019-11-26 22:55:09,IP Address,68.4.207.41,100,174,TRUE,2019-11-26 22:55:10,R_1DN2Fk6hdKLGFn2,,,,,33.6526947,-117.5952988,anonymous,EN,5ace650a436f550001004f87,0,0,23.309,0,0,0,34.583,0,,,,,,,,,,,,A lot,A little,A little,A lot,,,,,,,,It was nice that the barber was bringing joy to the homeless.,Detractor,4,25 - 34,Female,Suburban,Lean Liberal,Slightly familiar,,,844634148,5ace650a436f550001004f87,5dd4a34135582248315dfdca,5dde0f0e80123fd8344bcb89
2019-11-26 22:54:18,2019-11-26 22:55:16,IP Address,73.95.229.17,100,58,TRUE,2019-11-26 22:55:17,R_1dtVDsi1TmCe5vJ,,,,,39.82949829,-105.0632019,anonymous,EN,5c78d785da78bc0001257542,,,,,,,,,,,,,,,,,,,,,,,,,,,,,,,,Promoter,9,25 - 34,Female,Suburban,Liberal,Not familiar at all,Probably yes,,755469084,5c78d785da78bc0001257542,5dd4a34135582248315dfdca,5dde0f779d9e30d6cf3e7d39
2019-11-26 22:54:14,2019-11-26 22:55:20,IP Address,75.81.203.228,100,65,TRUE,2019-11-26 22:55:20,R_07k4o0Y7J5gVgQN,,,,,41.47219849,-81.74500275,anonymous,EN,5d179f82aa676d001a898f11,,,,,,,,,,,,,,,,,,,,,,,,,,,,,,,,Promoter,10,18 - 24,Female,Urban,Liberal,Not familiar at all,Might or might not,,524774046,5d179f82aa676d001a898f11,5dd4a34135582248315dfdca,5dde0f807b6a66d7ef85a975
2019-11-26 22:53:34,2019-11-26 22:56:04,IP Address,65.73.182.46,100,150,TRUE,2019-11-26 22:56:05,R_1QDF7I1AIAKYssf,,,,,45.77949524,-93.64530182,anonymous,EN,5c2d74a8eb9094000161b635,0,0,91.251,0,,,,,,,,,,,,,None at all,A lot,A lot,,,,,,,,,,,,It is not moral to judge homeless people in that light,Passive,7,25 - 34,Male,Rural,Liberal,Moderately familiar,Might or might not,,929033547,5c2d74a8eb9094000161b635,5dd4a34135582248315dfdca,5dde0f5b1e70dad7c08d2369
2019-11-26 22:51:56,2019-11-26 22:56:10,IP Address,65.249.163.133,100,254,TRUE,2019-11-26 22:56:11,R_2TQWolF3JfTCInz,,,,,40.78100586,-73.95010376,anonymous,EN,5dc1b63a4b54771170720f18,0,0,26.772,0,,,,,,,,,,,,,A great deal,A great deal,A great deal,,,,,,,,,,,,Its very sad,Promoter,10,25 - 34,Male,Urban,Very Liberal,Extremely familiar,Definitely yes,,168873785,5dc1b63a4b54771170720f18,5dd4a34135582248315dfdca,5dde0ef1227497d8aafbec4b
2019-11-26 22:53:05,2019-11-26 22:56:11,IP Address,68.192.75.205,100,185,TRUE,2019-11-26 22:56:11,R_D7ut71jV1GLsaYx,,,,,40.79299927,-74.02469635,anonymous,EN,5dc3552003f8562725a1b956,0,0,38.57,0,,,,,,,,,,,,,A little,None at all,A lot,,,,,,,,,,,,The person reacting has almost no empathy let alone sympathy.,Promoter,10,25 - 34,Male,Urban,Very Liberal,Very familiar,Definitely yes,,816526642,5dc3552003f8562725a1b956,5dd4a34135582248315dfdca,5dde0f3fecd14cd7a09b4a74
2019-11-26 22:54:29,2019-11-26 22:56:11,IP Address,68.52.142.253,100,102,TRUE,2019-11-26 22:56:11,R_2Ebpi3M4gkb6DaP,,,,,35.84509277,-86.49009705,anonymous,EN,580d5d1f357e890001dd14ce,0,0,22.321,0,,,,,,,,,,,,,A little,None at all,A great deal,,,,,,,,,,,,I don't believe homeless people should be shunned but rather offered help where you can afford it.,Promoter,10,35 - 44,Male,Urban,Liberal,Very familiar,Definitely yes,,857739106,580d5d1f357e890001dd14ce,5dd4a34135582248315dfdca,5dde0f939c84d8d875c123ed
2019-11-26 22:54:01,2019-11-26 22:56:21,IP Address,68.119.157.120,100,139,TRUE,2019-11-26 22:56:22,R_3KDihhgGJhZELLX,,,,,34.00619507,-117.4431992,anonymous,EN,5cb60f1eefd4130001bbfdb7,1.568,18.497,20.828,4,2.165,34.627,38.21,12,,,,,,,,,,,,A great deal,None at all,A great deal,A great deal,,,,,,,,I work with homeless every day as part of my job so I'm used to seeing the conditions they're in ,Promoter,10,25 - 34,Male,Urban,Very Liberal,Extremely familiar,Definitely yes,,121065670,5cb60f1eefd4130001bbfdb7,5dd4a34135582248315dfdca,5dde0f6de454cdd7c79c2483
2019-11-26 22:54:06,2019-11-26 22:56:30,IP Address,173.81.243.61,100,144,TRUE,2019-11-26 22:56:30,R_pn5obIYcektwYnf,,,,,37.73789978,-80.6576004,anonymous,EN,5d6285707d06c30019d19765,8.677,21.105,24.869,9,,,,,,,,,,,,,A great deal,A lot,A great deal,,,,,,,,,,,,I felt awful for those people living in the streets and what conditions they have to endure.,Promoter,10,25 - 34,Female,Rural,Liberal,Not familiar at all,Might or might not,,108439923,5d6285707d06c30019d19765,5dd4a34135582248315dfdca,5dde0f748f45b9d760a4bc76
2019-11-26 22:52:54,2019-11-26 22:56:34,IP Address,97.93.147.210,100,220,TRUE,2019-11-26 22:56:34,R_eyCSeESLA14uv0R,,,,,34.09150696,-118.1306992,anonymous,EN,5d474d1fab2d280015bb0110,3.346,16.306,45.185,11,3.403,33.62,46.25,4,,,,,,,,,,,,A little,A moderate amount,A great deal,A moderate amount,,,,,,,,"I felt repulsed more by the description of the people and the observations, more so than the actual homeless individuals.  I felt relief because the story had a happy ending in the sense that someone was helping out these people rather than treating them like animals.",Detractor,3,25 - 34,Male,Suburban,Lean Liberal,Slightly familiar,,Probably not,551688532,5d474d1fab2d280015bb0110,5dd4a34135582248315dfdca,5dde0f348f45b9d760a4bc75
2019-11-26 22:54:04,2019-11-26 22:56:35,IP Address,97.118.95.194,100,150,TRUE,2019-11-26 22:56:35,R_3IX19JiOSRUPBza,,,,,39.61399841,-104.9601974,anonymous,EN,5d1c77a9a7f7ce0001dec9aa,8.709,17.501,18.197,2,6.819,28.963,31.142,4,,,,,,,,,,,,A lot,A moderate amount,A lot,A great deal,,,,,,,,The intense disgusting way in which the first half of the story was presented made the second half seem much more fulfilling by comparison.,Promoter,10,18 - 24,Male,Suburban,Lean Liberal,Moderately familiar,Might or might not,,587030927,5d1c77a9a7f7ce0001dec9aa,5dd4a34135582248315dfdca,5dde0f773c4937d87d7c0cbb
2019-11-26 22:54:30,2019-11-26 22:56:36,IP Address,99.145.190.148,100,126,TRUE,2019-11-26 22:56:36,R_3rSWHRBOjTZvaCv,,,,,39.86549377,-86.12200165,anonymous,EN,5d380f57a236740015d13f92,0,0,17.476,0,,,,,,,,,,,,,A little,None at all,A lot,,,,,,,,,,,,I don't feel that way about homeless people however I still have a few prejudices from what society taught me,Promoter,10,18 - 24,Female,Suburban,Very Liberal,Moderately familiar,Might or might not,,307675667,5d380f57a236740015d13f92,5dd4a34135582248315dfdca,5dde0f902c5c10d785c31797
2019-11-26 22:53:42,2019-11-26 22:56:59,IP Address,99.9.56.104,100,197,TRUE,2019-11-26 22:56:59,R_2CPXb2clkY3OG4k,,,,,34.19309998,-118.1383057,anonymous,EN,5d87e122e951a10001c3811a,,,,,,,,,,,,,,,,,,,,,,,,,,,,,,,,Promoter,10,55 - 64,Female,Suburban,Very Liberal,Not familiar at all,Might or might not,,764564941,5d87e122e951a10001c3811a,5dd4a34135582248315dfdca,5dde0f5feb3973d7094170e7
2019-11-26 22:52:29,2019-11-26 22:57:41,IP Address,24.187.133.138,100,311,TRUE,2019-11-26 22:57:41,R_3PcYtJ1lHO9z569,,,,,41.04289246,-74.10040283,anonymous,EN,5c525174453ce60001aeb4f2,0,0,96.495,0,0,0,65.04,0,,,,,,,,,,,,A great deal,A lot,A great deal,A great deal,,,,,,,,Witnessing widespread homelessness on a regular basis is immensely depressing. The fact that a good samaritan stepped in to help was profoundly relieving. ,Passive,8,18 - 24,Male,Suburban,Liberal,Extremely familiar,Probably yes,,700243240,5c525174453ce60001aeb4f2,5dd4a34135582248315dfdca,5dde0db7a71de8d86822909a
2019-11-26 22:52:58,2019-11-26 22:58:32,IP Address,162.203.157.152,100,333,TRUE,2019-11-26 22:58:32,R_1dM2RauMkVqRyln,,,,,33.95710754,-118.3621979,anonymous,EN,5d37d2861566530016a061de,0,0,25.913,0,0,0,85.277,0,,,,,,,,,,,,A great deal,None at all,A lot,A great deal,,,,,,,,Its possible that we all can make a change,Promoter,10,35 - 44,Male,Urban,Lean Liberal,Not familiar at all,Probably yes,,109485019,5d37d2861566530016a061de,5dd4a34135582248315dfdca,5dde0f36c5fa30d8004cb91e
2019-11-26 22:51:43,2019-11-26 22:58:59,IP Address,65.249.163.171,100,436,TRUE,2019-11-26 22:59:00,R_2YXM2Hb8qOv0N2C,,,,,40.78100586,-73.95010376,anonymous,EN,5da841b9d120450011806b5d,131.743,135.251,208.611,3,34.705,34.705,37.47,1,,,,,,,,,,,,A great deal,A lot,A great deal,A lot,,,,,,,,A line began to form as the others saw what was happening. An opportunity for a new start.,Promoter,10,35 - 44,Male,Urban,Very Liberal,Very familiar,Probably yes,,132723691,5da841b9d120450011806b5d,5dd4a34135582248315dfdca,5dde0ee5c0823fd8291260ef
2019-11-26 23:00:00,2019-11-26 23:00:37,IP Address,71.81.115.107,100,36,TRUE,2019-11-26 23:00:37,R_2pK9gM1zXj7W9Vj,,,,,34.75180054,-82.25559998,anonymous,EN,576704bffdff7a0001c12890,,,,,,,,,,,,,,,,,,,,,,,,,,,,,,,,Promoter,10,35 - 44,Male,Suburban,Very Liberal,Extremely familiar,Definitely yes,,227695598,576704bffdff7a0001c12890,5dd4a34135582248315dfdca,5dde10dd7d4595d73a923ef9
2019-11-26 22:48:06,2019-11-26 23:01:05,IP Address,73.174.96.225,100,779,TRUE,2019-11-26 23:01:05,R_2b2d9oF6QQgbnDI,,,,,40.07780457,-80.97879791,anonymous,EN,592533a116210d0001737634,23.801,205.836,208.025,10,1.038,217.035,219.112,24,,,,,,,,,,,,A great deal,None at all,A lot,A great deal,,,,,,,,I was glad that there was a good ending.,Promoter,9,35 - 44,Female,Suburban,Lean Liberal,Slightly familiar,Might or might not,,846824193,592533a116210d0001737634,5dd4a34135582248315dfdca,5dde0d7e2e6c77d8df09270f
2019-11-26 22:51:56,2019-11-26 23:01:30,IP Address,73.145.103.43,100,574,TRUE,2019-11-26 23:01:30,R_1kH6vDMHcoxokWM,,,,,42.42610168,-83.25140381,anonymous,EN,5ad79dd33ba33e0001c8c9ec,0,0,22.233,0,,,,,,,,,,,,,A lot,A little,A lot,,,,,,,,,,,,Ashamed that people live in such conditions. ,Detractor,5,35 - 44,Male,Urban,Liberal,Slightly familiar,,,737725524,5ad79dd33ba33e0001c8c9ec,5dd4a34135582248315dfdca,5dde0ef55daaa6d74a269ef1
2019-11-26 22:52:42,2019-11-26 23:01:36,IP Address,173.25.48.49,100,534,TRUE,2019-11-26 23:01:37,R_1Q0fZ3DZ6iypq4d,,,,,37.17950439,-94.55500031,anonymous,EN,5d8e79ccd0e8b9001846e8a8,0,0,27.92,0,0,0,29.14,0,,,,,,,,,,,,A great deal,A little,A great deal,A great deal,,,,,,,,Witnessing the good will of others is encouraging.,Promoter,10,25 - 34,Female,Rural,Very Liberal,Slightly familiar,Definitely not,,437244471,5d8e79ccd0e8b9001846e8a8,5dd4a34135582248315dfdca,5dde0f293c870ad6ce83d87e
2019-11-26 22:54:28,2019-11-26 23:03:34,IP Address,192.161.70.69,100,545,TRUE,2019-11-26 23:03:34,R_1KeVdhiPfttjEK2,,,,,45.27079773,-110.792099,anonymous,EN,59cc6c0246f7210001906b71,20.955,32.801,81.177,3,7.838,18.398,119.667,2,,,,,,,,,,,,A lot,A moderate amount,A moderate amount,A great deal,,,,,,,,"I don't like people being in misery, and I enjoy when people experience improved conditions for themselves.",Promoter,10,55 - 64,Male,Rural,Moderate,Moderately familiar,Might or might not,,565956210,59cc6c0246f7210001906b71,5dd4a34135582248315dfdca,5dde0f92dba634d860d5b3f1
2019-11-26 22:54:18,2019-11-26 23:03:36,IP Address,212.201.77.11,100,557,TRUE,2019-11-26 23:03:36,R_CkUDvGhVUjsKW4h,,,,,50.74310303,7.059005737,anonymous,EN,5c6c6d2a61fc7d0001459508,,,,,,,,,,,,,,,,,,,,,,,,,,,,,,,,Promoter,10,25 - 34,Male,Urban,Liberal,Slightly familiar,Probably yes,,745625255,5c6c6d2a61fc7d0001459508,5dd4a34135582248315dfdca,5dde0f87104200d720d32804
2019-11-26 22:59:50,2019-11-26 23:03:58,IP Address,47.183.30.41,100,247,TRUE,2019-11-26 23:03:58,R_238lZeX4QaruIyO,,,,,30.69129944,-96.37139893,anonymous,EN,5699cf0625d9e9000db0c789,4.973,44.877,52.777,8,,,,,,,,,,,,,A moderate amount,A moderate amount,A moderate amount,,,,,,,,,,,,the description of the smell of urine and the sight of flies on a sandwich,Passive,7,55 - 64,Female,Suburban,Lean Liberal,Moderately familiar,Probably not,,378460138,5699cf0625d9e9000db0c789,5dd4a34135582248315dfdca,5dde10cdf3b7c2d6fcdc80cb
2019-11-26 22:59:55,2019-11-26 23:04:56,IP Address,136.32.74.55,100,300,TRUE,2019-11-26 23:04:56,R_1GwclSAqpZHlVx3,,,,,39.10009766,-94.57820129,anonymous,EN,5d8998025e8a740001d6e2f1,20.217,33.625,34.595,13,4.36,47.368,49.812,26,,,,,,,,,,,,A lot,A little,A little,A lot,,,,,,,,I see the homeless around my city and have become used to it myself.  Some of the the things I have read and seen lead me to believe some of these people want to live like this.  I have become somewhat jaded to their existence but am still aware that they are people and need help.,Detractor,0,45 - 54,Male,Suburban,Lean Liberal,Slightly familiar,,Definitely not,315221751,5d8998025e8a740001d6e2f1,5dd4a34135582248315dfdca,5dde10d7428d61d73ddb51ad
2019-11-26 22:54:26,2019-11-26 23:06:06,IP Address,216.218.127.145,100,699,TRUE,2019-11-26 23:06:06,R_1OPten58QiL0J8o,,,,,33.88890076,-80.01589966,anonymous,EN,5da73f96df2e2b0014217945,0,0,68.668,0,,,,,,,,,,,,,A great deal,A great deal,A great deal,,,,,,,,,,,,"I feel this way because I have lived in different states in the past and I have experience many homeless peolpe sleeping on the side of the road. When I can I have help some with food, money and water.",Promoter,10,55 - 64,Male,Suburban,Very Liberal,Not familiar at all,Definitely yes,,908255197,5da73f96df2e2b0014217945,5dd4a34135582248315dfdca,5dde0f8df290e7d7000ffa15
2019-11-26 22:48:42,2019-11-26 23:06:55,IP Address,68.0.123.25,100,1092,TRUE,2019-11-26 23:06:55,R_D6wTzG4ZCpCOZfr,,,,,36.14930725,-95.94989777,anonymous,EN,5af5262f1b55800001f4a418,0,0,28.399,0,,,,,,,,,,,,,A little,None at all,A moderate amount,,,,,,,,,,,,"I think it is only natural that most of us find these conditions disgusting and repulsive. The speaker and the pictures only focus on those things that are dirty, smelly and not acceptable. We have to move past our first reaction because it's not like most of these people just love their conditions being dirty.",Detractor,0,45 - 54,Female,Urban,Liberal,Slightly familiar,,Definitely not,481448757,5af5262f1b55800001f4a418,5dd4a34135582248315dfdca,5dde0e38428d61d73ddb51aa
2019-11-26 22:54:03,2019-11-26 23:08:27,IP Address,66.191.240.114,100,863,TRUE,2019-11-26 23:08:27,R_1M1gAynTWwbOErn,,,,,35.19960022,-84.85250092,anonymous,EN,59349d79f1b3f00001964d04,5.76,36.556,38.933,4,10.643,88.177,116.566,5,,,,,,,,,,,,A moderate amount,None at all,A lot,None at all,,,,,,,,It make me so happy to see kind humans help out their less fortunate brothers and sisters. ,Detractor,0,55 - 64,Female,Suburban,Lean Liberal,Very familiar,,Definitely not,787080569,59349d79f1b3f00001964d04,5dd4a34135582248315dfdca,5dde0f76355822d7445ea233
2019-11-26 22:53:49,2019-11-26 23:09:12,IP Address,212.201.77.11,100,923,TRUE,2019-11-26 23:09:13,R_3QD9jS0EApX425O,,,,,50.74310303,7.059005737,anonymous,EN,5d4602322f66d0001a1208c7,10.234,52.291,56.134,3,80.894,80.894,82.067,1,,,,,,,,,,,,A lot,A little,A lot,A great deal,,,,,,,,Seeing fellow human beings in such a condition is always heart breaking.,Promoter,10,25 - 34,Male,Urban,Very Liberal,Extremely familiar,Definitely yes,,493284449,5d4602322f66d0001a1208c7,5dd4a34135582248315dfdca,5dde0f6a326992d7b9deb63c