session_id,participant_id,status,started_datetime,completed_date_time,time_taken,age,num_approvals,num_rejections,prolific_score,reviewed_at_datetime,entered_code,Political Spectrum (US),Employment Status,First Language,Country of Birth,Student Status,Sex,Current Country of Residence,Nationality
5dd4d94c523df04a5dbcbca8,5d21a5e877af8600010583c9,AWAITING REVIEW,2019-11-20 06:12:32.379000,2019-11-20 06:14:38.551000,126.172,38,44,5,85,,4D8547F3,Conservative,,English,United States,No,Male,United States,United States
5dd4d98ca4aa264af6e70d90,5cdb3e9caa4e2a00019a16bc,AWAITING REVIEW,2019-11-20 06:13:46.878000,2019-11-20 06:16:23.565000,156.687,47,200,0,100,,4D8547F3,Conservative,Other,English,United States,No,Male,United States,United States
5dd4d990194e48497c10d191,5bcd9a528391630001494521,AWAITING REVIEW,2019-11-20 06:13:36.282000,2019-11-20 06:16:21.950000,165.668,38,372,0,100,,4D8547F3,Conservative,Full-Time,English,United States,No,Male,Japan,United States
5dd4d9b6367c6d4a3f3f9d7e,5d094021c79e5a001a796b43,AWAITING REVIEW,2019-11-20 06:14:14.702000,2019-11-20 06:19:26.810000,312.108,34,241,0,100,,4D8547F3,Conservative,Full-Time,English,United States,No,Male,United States,United States
5dd4d9c18a3c5e4a9f18f9c3,5d89b537f7d109001a8f9c68,AWAITING REVIEW,2019-11-20 06:14:28.113000,2019-11-20 06:24:24.890000,596.777,46,66,0,100,,4D8547F3,Conservative,Part-Time,English,United Kingdom,No,Female,United Kingdom,United Kingdom
5dd4d9c811b0bd4ab99e9f62,55b9a9b0fdf99b6906d2aba4,AWAITING REVIEW,2019-11-20 06:14:35.250000,2019-11-20 06:22:23.980000,468.73,64,1600,1,100,,4D8547F3,Conservative,"Not in paid work (e.g. homemaker', 'retired or disabled)",English,United States,No,Male,United States,United States
5dd4d9ebe0b21b4ae9468a0b,56ce6383465e58000d84710d,AWAITING REVIEW,2019-11-20 06:15:07.277000,2019-11-20 06:18:36.672000,209.395,29,109,0,100,,4D8547F3,Conservative,Full-Time,English,United States,No,Male,United States,United States
5dd4d9ed523df04a5dbcbca9,5c5f95cf4fff5700017ecc6b,AWAITING REVIEW,2019-11-20 06:15:37.365000,2019-11-20 06:19:20.892000,223.527,23,92,0,100,,4D8547F3,Conservative,Unemployed (and job seeking),English,United States,No,Female,United States,United States
5dd4da00a9ead04a85afcd0d,5c5ac2869d974300015d81fc,AWAITING REVIEW,2019-11-20 06:15:28.023000,2019-11-20 06:24:17.707000,529.684,33,409,1,100,,4D8547F3,Conservative,Full-Time,English,United States,No,Male,United States,United States
5dd4da1fca74664af2518383,5d4d038ec270cd001931da3e,AWAITING REVIEW,2019-11-20 06:16:02.932000,2019-11-20 06:18:18.733000,135.801,29,148,1,100,,4D8547F3,Conservative,Full-Time,English,United States,No,Male,United States,United States
5dd4da3a41afe84a26811718,57dd1a741334540001170404,AWAITING REVIEW,2019-11-20 06:16:28.452000,2019-11-20 06:18:34.932000,126.48,42,464,1,100,,4D8547F3,Conservative,Full-Time,English,United States,No,Male,United States,United States
5dd4da6a19eecb4abefff826,59af1b568d02850001a6bbac,AWAITING REVIEW,2019-11-20 06:17:18.881000,2019-11-20 06:18:09.152000,50.271,44,148,0,100,,4D8547F3,Conservative,Full-Time,English,United States,No,Male,United States,United States
5dd4da96e08a364a80ee8211,574eab79c18847000e071119,AWAITING REVIEW,2019-11-20 06:18:02.502000,2019-11-20 06:36:52.502000,1130.0,38,683,0,100,,4D8547F3,Conservative,Part-Time,English,United States,No,Female,United States,United States
5dd4daa39740544a71844bd5,5c19a630257db80001a2b3a8,AWAITING REVIEW,2019-11-20 06:18:13.929000,2019-11-20 06:32:56.941000,883.012,64,459,2,100,,4D8547F3,Conservative,Full-Time,English,United States,No,Male,United States,United States
5dd4dab5794e104a949a5f0f,5c36e0c5e38bc40001f82a4d,AWAITING REVIEW,2019-11-20 06:18:38.563000,2019-11-20 06:23:24.748000,286.185,37,445,1,100,,4D8547F3,Conservative,Full-Time,English,United States,No,Male,United States,United States
5dd4dabf57534749f4ebca59,570b8aa8b9b52b00102d97f2,AWAITING REVIEW,2019-11-20 06:19:09.648000,2019-11-20 06:24:55.257000,345.609,67,880,0,100,,4D8547F3,Conservative,Full-Time,English,United States,No,Female,United States,United States
5dd4dacd2091e94ae11421c6,5d84398b58ceda0019482646,AWAITING REVIEW,2019-11-20 06:18:53.878000,2019-11-20 06:21:16.219000,142.341,36,114,0,100,,4D8547F3,Conservative,Full-Time,English,United States,No,Male,United States,United States
5dd4daec1042004ad173909c,5d4686c336bf400015d3fd14,AWAITING REVIEW,2019-11-20 06:19:32.071000,2019-11-20 06:24:24.468000,292.397,29,178,1,100,,4D8547F3,Conservative,Part-Time,English,United States,No,Female,United States,United States
5dd4db08c925a84a514be842,5befb6e27c387400016983bf,AWAITING REVIEW,2019-11-20 06:19:52.575000,2019-11-20 06:24:15.322000,262.747,33,320,0,100,,4D8547F3,Conservative,Full-Time,English,United States,No,Male,United States,United States
5dd4db314d58a04b8707e0d3,5b8b14d65548a50001e5f7f3,AWAITING REVIEW,2019-11-20 06:23:52.462000,2019-11-20 06:27:48.741000,236.279,35,403,0,100,,4D8547F3,Conservative,Full-Time,English,United States,No,Male,United States,United States
5dd4db649dac7c4a9f70ddfb,5cecb84b41b4310018eb2644,AWAITING REVIEW,2019-11-20 06:21:33.358000,2019-11-20 06:33:36.485000,723.127,19,196,0,100,,4D8547F3,Conservative,Unemployed (and job seeking),English,United States,No,Male,United States,United States
5dd4db68523df04a5dbcbcae,5d8c3c1e118a2300150b87e9,AWAITING REVIEW,2019-11-20 06:21:30.695000,2019-11-20 06:25:31.536000,240.841,18,45,0,100,,4D8547F3,Conservative,Unemployed (and job seeking),English,United States,Yes,Male,United States,United States
5dd4db6b7982974a7980a15b,5aedec6e76b763000132f75e,AWAITING REVIEW,2019-11-20 06:21:36.521000,2019-11-20 06:23:48.037000,131.516,36,711,3,100,,4D8547F3,Conservative,Full-Time,English,United States,No,Male,United States,United States
5dd4db77f01cbe49c312c31c,5c800507a1d4b900114f28c4,AWAITING REVIEW,2019-11-20 06:21:43.326000,2019-11-20 06:24:17.612000,154.286,28,410,2,100,,4D8547F3,Conservative,Unemployed (and job seeking),English,United States,No,Male,United States,United States
5dd4db84ad0a614a377758ea,5dc36aef70d51c272b81f072,AWAITING REVIEW,2019-11-20 06:22:03.018000,2019-11-20 06:25:05.819000,182.801,31,14,2,92,,4D8547F3,Conservative,Full-Time,English,United States,No,Male,,United States
5dd4db8b070fdc4a7deefa73,5d5defd586ed58000184fe02,AWAITING REVIEW,2019-11-20 06:22:05.362000,2019-11-20 06:24:32.183000,146.821,24,6,0,100,,4D8547F3,Conservative,Part-Time,English,United States,No,Male,United States,United States
5dd4dba5a9ead04b2f1cbc6c,58c376f9efb64f0001358464,AWAITING REVIEW,2019-11-20 06:22:32.532000,2019-11-20 06:27:13.821000,281.289,46,620,10,97,,4D8547F3,Conservative,Full-Time,English,United States,Yes,Female,United States,United States
5dd4dba9f01cbe4967dc2632,5d563cb2e1e744001613275b,AWAITING REVIEW,2019-11-20 06:22:35.968000,2019-11-20 06:27:16.811000,280.843,26,79,2,99,,4D8547F3,Conservative,Full-Time,English,United States,Yes,Male,United States,United States
5dd4dbb649f6074adf3ec0fe,5dc59df162ec5041c3e8807a,AWAITING REVIEW,2019-11-20 06:22:50.673000,2019-11-20 06:30:57.184000,486.511,29,39,0,100,,4D8547F3,Conservative,Full-Time,English,United States,No,Male,,United States
5dd4dbef5686c14a6279295a,5c3388fa01439b0001a0adfe,AWAITING REVIEW,2019-11-20 06:23:48.155000,2019-11-20 06:27:22.715000,214.56,36,363,0,100,,4D8547F3,Conservative,Full-Time,English,United States,No,Female,United States,United States
5dd4dbfd9ca8a34b04439f3b,5db13524e28dd200143e0222,AWAITING REVIEW,2019-11-20 06:24:00.533000,2019-11-20 06:27:45.395000,224.862,28,110,3,98,,4D8547F3,Conservative,Full-Time,English,United States,No,Male,United States,United States
5dd4dc26cc19204a19808d6e,5ce7b20479642d00197682ea,AWAITING REVIEW,2019-11-20 06:25:28.280000,2019-11-20 06:27:16.362000,108.082,43,235,0,100,,4D8547F3,Conservative,Part-Time,English,United States,No,Female,United States,United States
5dd4dc60cb9dd64a39fa12fe,5d3feaeb09e9ed00201d2108,AWAITING REVIEW,2019-11-20 06:25:38.706000,2019-11-20 06:33:24.466000,465.76,50,23,0,100,,4D8547F3,Conservative,"Not in paid work (e.g. homemaker', 'retired or disabled)",English,United States,No,Female,United States,United States
5dd4dc77d3ac2a4a5271f5f5,5996ad5c9845ef00014de423,AWAITING REVIEW,2019-11-20 06:26:03.185000,2019-11-20 06:36:41.729000,638.544,40,376,3,100,,4D8547F3,Conservative,"Not in paid work (e.g. homemaker', 'retired or disabled)",English,United States,No,Female,United States,United States
5dd4dc78710dfc4b01569a0a,5c6a3c721519ac0001668582,AWAITING REVIEW,2019-11-20 06:26:03.673000,2019-11-20 06:29:04.931000,181.258,19,218,0,100,,4D8547F3,Conservative,Other,English,Philippines,Yes,Male,United States,United States
5dd4dc88848b0f4a78986429,5c894440879a350014dedb02,AWAITING REVIEW,2019-11-20 06:26:16.361000,2019-11-20 06:28:30.415000,134.054,23,69,1,99,,4D8547F3,Conservative,Part-Time,English,United States,Yes,Male,United States,United States
5dd4dd11535a714b022e7a58,56a744ee5ad8d9000c970b07,AWAITING REVIEW,2019-11-20 06:28:36.785000,2019-11-20 06:32:52.191000,255.406,54,176,0,100,,4D8547F3,Conservative,Full-Time,English,United States,No,Male,United States,United States
5dd4dd9c961cb34aee450719,5afdde7e59ae1e00017e6737,AWAITING REVIEW,2019-11-20 06:30:52.801000,2019-11-20 06:34:05.412000,192.611,26,421,4,99,,4D8547F3,Conservative,Full-Time,English,United States,Yes,Male,United States,United States
5dd4ddd8568ca549f19ebc81,58e9538908dc910001901f6b,AWAITING REVIEW,2019-11-20 06:32:19.795000,2019-11-20 06:44:10.986000,711.191,56,622,4,100,,4D8547F3,Conservative,Other,English,United States,No,Female,United States,United States
5dd4ddec19eecb4abefff82b,5d546b473bbbbe001b43719c,AWAITING REVIEW,2019-11-20 06:32:28.843000,2019-11-20 06:33:52.155000,83.312,29,167,0,100,,4D8547F3,Conservative,Full-Time,English,United States,No,Male,United States,United States
5dd4de27848b0f4a214cfc8f,5c7e843f9c3fc00016f4e5a1,AWAITING REVIEW,2019-11-20 06:33:15.381000,2019-11-20 06:35:32.802000,137.421,33,98,2,98,,4D8547F3,Conservative,Full-Time,English,United States,No,Male,United States,United States
5dd4de687f1bbf4b03ab4503,5cc53bef8d2a1e000185c3a4,AWAITING REVIEW,2019-11-20 06:34:19.880000,2019-11-20 06:37:42.308000,202.428,33,110,1,100,,4D8547F3,Conservative,Full-Time,English,United States,No,Female,United States,United States
5dd4deebdcec874b29c5bea2,5dcbb28b22dac4850e348b1e,AWAITING REVIEW,2019-11-20 06:36:35.759000,2019-11-20 06:38:38.878000,123.119,43,31,0,100,,4D8547F3,Conservative,Full-Time,English,United States,No,Male,United States,United States
5dd4df03e9a0ba4a22c0a167,5d497f8d3c428d0017121681,AWAITING REVIEW,2019-11-20 06:36:54.936000,2019-11-20 06:43:23.667000,388.731,33,150,1,100,,4D8547F3,Conservative,"Not in paid work (e.g. homemaker', 'retired or disabled)",English,United States,No,Female,United States,United States
5dd4df41e0b21b4ae9468a12,5db3997a7b63f7000b63204d,AWAITING REVIEW,2019-11-20 06:37:58.740000,2019-11-20 06:40:30.867000,152.127,20,27,0,100,,4D8547F3,Conservative,Unemployed (and job seeking),English,United States,Yes,Male,United States,United States
5dd4df61393bd34a2322d066,5dcf01214b0e0c0492f9c2ce,AWAITING REVIEW,2019-11-20 06:38:28.532000,2019-11-20 06:50:51.366000,742.834,25,15,1,96,,4D8547F3,Conservative,Full-Time,English,United States,No,Male,,United States
5dd4e0579ca8a34b04439f42,5cde1df1ed552600159dbf3f,AWAITING REVIEW,2019-11-20 06:42:33.318000,2019-11-20 06:47:03.470000,270.152,23,197,1,100,,4D8547F3,Conservative,Unemployed (and job seeking),Vietnamese,United States,Yes,Male,United States,United States
5dd4e07551db1c4b5f154bc0,5d4a862437e6030001f9f635,AWAITING REVIEW,2019-11-20 06:43:05.952000,2019-11-20 06:53:46.224000,640.272,32,21,0,100,,4D8547F3,Conservative,Full-Time,English,United States,No,Male,United States,United States
5dd4e08a40460e4a2314f91b,5d4b85df735654001787afc1,AWAITING REVIEW,2019-11-20 06:43:27.985000,2019-11-20 06:56:14.180000,766.195,32,39,0,100,,4D8547F3,Conservative,Full-Time,English,United States,No,Male,United States,United States
5dd4e093670d1a4a9deb3d52,58642f4de16d530001b34622,AWAITING REVIEW,2019-11-20 06:46:19.603000,2019-11-20 07:01:51.640000,932.037,59,654,3,100,,4D8547F3,Conservative,Full-Time,English,United States,No,Male,United States,United States
5dd4e0b892371d4b364550e6,5d4be6ccb79a4b001730b049,AWAITING REVIEW,2019-11-20 06:44:13.198000,2019-11-20 06:57:48.805000,815.607,34,66,0,100,,4D8547F3,Conservative,Full-Time,English,United States,No,Male,United States,United States
5dd4e0c2bca2e44af217c936,5d35ae1a44112200192b956c,AWAITING REVIEW,2019-11-20 06:44:22.476000,2019-11-20 06:51:45.388000,442.912,34,87,0,100,,4D8547F3,Conservative,Full-Time,English,United States,No,Male,United States,United States
5dd4e0d07160cb4aada99922,5c3c7908e0ea82000145e64f,AWAITING REVIEW,2019-11-20 06:44:38.172000,2019-11-20 06:56:15.874000,697.702,33,261,0,100,,4D8547F3,Conservative,Full-Time,English,United States,Yes,Male,United States,United States
5dd4e0d89d9e304a39bee1e3,5d5cdee0121fc80015960d87,AWAITING REVIEW,2019-11-20 06:44:53.256000,2019-11-20 06:47:10.516000,137.26,20,140,0,100,,4D8547F3,Conservative,Unemployed (and job seeking),English,United States,No,Male,United States,United States
5dd4e0ef8ed6bf4a1f5a21c6,5d35eb0a29cd130001c67ba3,AWAITING REVIEW,2019-11-20 06:45:06.173000,2019-11-20 06:46:38.346000,92.173,25,83,0,100,,4D8547F3,Conservative,Full-Time,English,United States,No,Female,United States,United States
5dd4e21e96afdf4a5cb93324,5dc32687547c1f24648b7c23,AWAITING REVIEW,2019-11-20 06:50:10.866000,2019-11-20 06:53:12.081000,181.215,30,15,0,100,,4D8547F3,Conservative,Part-Time,English,United States,No,Male,United States,United States
5dd4e24783e3094a1144d80f,59d72a915cddae0001ff04c3,AWAITING REVIEW,2019-11-20 06:50:54.474000,2019-11-20 06:53:49.575000,175.101,42,406,0,100,,4D8547F3,Conservative,"Not in paid work (e.g. homemaker', 'retired or disabled)",English,United States,No,Female,United Kingdom,United States
5dd4e258e25acf4a9c70ee5c,5d13eb3feed3200019004458,AWAITING REVIEW,2019-11-20 06:51:33.554000,2019-11-20 06:55:12.608000,219.054,31,180,2,99,,4D8547F3,Conservative,"Not in paid work (e.g. homemaker', 'retired or disabled)",English,United States,No,Female,United States,United States
5dd4e4033c49374b9889d91e,5cb882d33f0af9000159e00f,AWAITING REVIEW,2019-11-20 06:58:20.848000,2019-11-20 07:05:03.682000,402.834,57,255,1,100,,4D8547F3,Conservative,Full-Time,English,United States,No,Female,United States,United States
5dd4e456670d1a4a9deb3d54,5c0cb39d4bc2690001b63c09,AWAITING REVIEW,2019-11-20 06:59:34.208000,2019-11-20 07:00:14.883000,40.675,24,106,4,96,,4D8547F3,Conservative,Full-Time,English,United States,No,Male,United States,United States
5dd4e4774fee994a559ebd27,5c7cf8b58ca9000001b52f6e,AWAITING REVIEW,2019-11-20 07:06:11.658000,2019-11-20 07:13:19.244000,427.586,28,260,0,100,,4D8547F3,Conservative,Unemployed (and job seeking),English,United States,No,Male,United States,United States
5dd4e58cd2c3e0499488e4b8,5d6d73808961b000011473ba,AWAITING REVIEW,2019-11-20 07:10:30.078000,2019-11-20 07:23:51.313000,801.235,37,201,2,100,,4D8547F3,Conservative,Full-Time,English,United States,No,Male,United States,United States
5dd4e6b5f85b504b353325f0,5bad0eecf91cc300010cc978,AWAITING REVIEW,2019-11-20 07:09:41.336000,2019-11-20 07:15:39.925000,358.589,49,36,1,99,,4D8547F3,Conservative,Full-Time,English,United States,No,Male,United States,United States
5dd4e7066d52254aeaa4f998,5d5a87cdb8d49300195674d6,AWAITING REVIEW,2019-11-20 07:11:06.234000,2019-11-20 07:16:58.872000,352.638,23,40,0,100,,4D8547F3,Conservative,Due to start a new job within the next month,English,United States,Yes,Female,Italy,United States
5dd4e72f4b0e0c4a86390e81,5d6fd81dba96c60001bc2592,AWAITING REVIEW,2019-11-20 07:11:47.292000,2019-11-20 07:23:03.096000,675.804,26,160,3,99,,4D8547F3,Conservative,Full-Time,English,United States,No,Male,United States,United States
5dd4e794c128844af110ba6f,5ac440da9534ba0001c736da,AWAITING REVIEW,2019-11-20 07:13:23.990000,2019-11-20 07:16:39.336000,195.346,38,404,1,100,,4D8547F3,Conservative,Full-Time,English,United States,No,Male,United States,United States
5dd4e7efe0b21b4ba6ec516e,5bef695d6e213a000137c6ea,AWAITING REVIEW,2019-11-20 07:15:01.078000,2019-11-20 07:19:18.351000,257.273,36,469,0,100,,4D8547F3,Conservative,Full-Time,English,United States,No,Female,United States,United States
5dd4e87dffc3d84a8bec7064,5aa02ab689de8200013f3dab,AWAITING REVIEW,2019-11-20 07:17:19.384000,2019-11-20 07:19:15.888000,116.504,21,286,4,98,,4D8547F3,Conservative,Other,English,United States,No,Male,United States,United States
5dd4e8e17cc9734a7a9b96a3,5d66cd8fbda509001a1bdefa,AWAITING REVIEW,2019-11-20 07:19:01.313000,2019-11-20 07:19:38.802000,37.489,38,103,2,99,,4D8547F3,Conservative,Full-Time,English,United States,No,Male,,United States
5dd4e9650605eb4b4bb15c6e,5a5da588f6c51700019527c4,AWAITING REVIEW,2019-11-20 07:21:13.985000,2019-11-20 07:22:48.889000,94.904,37,500,7,98,,4D8547F3,Conservative,Full-Time,English,United States,Yes,Male,United States,United States
5dd4ea0ec944d14abb0dc5c8,5563984afdf99b672b5749b6,AWAITING REVIEW,2019-11-20 07:23:58.920000,2019-11-20 07:48:39.241000,1480.321,38,1138,9,99,,4D8547F3,Conservative,Full-Time,English,United States,No,Male,United States,United States
5dd4ea30e4f4a04afd186713,5c9b11249cd82b00174fd7ad,AWAITING REVIEW,2019-11-20 07:24:34.534000,2019-11-20 07:27:34.189000,179.655,36,182,2,99,,4D8547F3,Conservative,Full-Time,English,United States,No,Male,United States,United States
5dd4eb9bdd9a744b6eb182f8,5d1521eeb296b500017df9e4,AWAITING REVIEW,2019-11-20 07:30:43.418000,2019-11-20 07:36:47.153000,363.735,48,155,1,100,,4D8547F3,Conservative,Unemployed (and job seeking),English,United States,Yes,Female,United States,United States
5dd4ec0b7d45954a1215010b,569ad7c8af9ad7000b64253d,AWAITING REVIEW,2019-11-20 07:32:31.949000,2019-11-20 07:34:03.540000,91.591,61,530,1,100,,4D8547F3,Conservative,"Not in paid work (e.g. homemaker', 'retired or disabled)",English,United States,No,Female,United States,United States
5dd4ed5c8a3c5e4b047fe491,5d64939d0d4a200001d27315,AWAITING REVIEW,2019-11-20 07:38:07.037000,2019-11-20 07:40:28.725000,141.688,27,70,0,100,,4D8547F3,Conservative,Full-Time,Spanish,Mexico,No,Male,United States,United States
5dd4edd0cf8e7e4af9e8b621,5da926115c6987001535a2da,AWAITING REVIEW,2019-11-20 07:40:14.883000,2019-11-20 07:42:14.022000,119.139,56,42,1,99,,4D8547F3,Conservative,Full-Time,English,United States,No,Male,,United States
5dd4ef7f307b8d4b5602efec,5c330cefca23620001b262b1,AWAITING REVIEW,2019-11-20 07:47:16.687000,2019-11-20 07:56:21.492000,544.805,54,90,0,100,,4D8547F3,Conservative,"Not in paid work (e.g. homemaker', 'retired or disabled)",DATA EXPIRED,United States,DATA EXPIRED,Female,United States,United States
5dd4f0723228864badfc720d,5a70abe2efd3a70001210578,AWAITING REVIEW,2019-11-20 07:51:16.918000,2019-11-20 07:58:11.594000,414.676,72,190,0,100,,4D8547F3,Conservative,Part-Time,English,United States,No,Female,United States,United States
5dd4f0c111d4944b40591e3d,5d1f71def861790016fafb83,AWAITING REVIEW,2019-11-20 07:52:40.870000,2019-11-20 07:57:35.161000,294.291,40,184,1,100,,4D8547F3,Conservative,Full-Time,English,United States,No,Female,United States,United States
5dd4f1cdd3ac2a4b14a40cf1,55b6ed4afdf99b437183fa6f,AWAITING REVIEW,2019-11-20 07:57:04.143000,2019-11-20 08:03:18.074000,373.931,46,947,0,100,,4D8547F3,Conservative,Full-Time,English,United States,No,Female,United States,United States
5dd4f375d3ac2a4ab2e7b0ef,5d9bfa529d2a70001886a197,AWAITING REVIEW,2019-11-20 08:04:15.128000,2019-11-20 08:08:56.727000,281.599,32,34,1,98,,4D8547F3,Conservative,"Not in paid work (e.g. homemaker', 'retired or disabled)",English,United States,No,Female,United States,United States
5dd4f42a7982974b90871bf9,5c634094e30ff200016baccb,AWAITING REVIEW,2019-11-20 08:07:48.668000,2019-11-20 08:10:35.584000,166.916,19,353,1,100,,4D8547F3,Conservative,Part-Time,English,United States,No,Male,United States,United States
5dd4f55680123f4bb7d67e05,5cb5405dc6a3a70018dd15a8,RETURNED,2019-11-20 08:12:08.362000,,418746.539272,20,125,2,99,,,CONSENT REVOKED,CONSENT REVOKED,CONSENT REVOKED,CONSENT REVOKED,CONSENT REVOKED,CONSENT REVOKED,CONSENT REVOKED,CONSENT REVOKED
5dd4f5af1c219b4b42007b0c,5c567e2acc53750001751cb0,AWAITING REVIEW,2019-11-20 08:13:38.090000,2019-11-20 08:18:52.619000,314.529,70,335,0,100,,4D8547F3,Conservative,"Not in paid work (e.g. homemaker', 'retired or disabled)",English,United States,No,Male,United States,United States
5dd4f997149f534b72cdc184,5db3b031efa9f6000cf02400,AWAITING REVIEW,2019-11-20 08:30:18.500000,2019-11-20 08:34:36.777000,258.277,21,85,0,100,,4D8547F3,Conservative,Full-Time,English,United States,No,Male,United States,United States
5dd4fb1a7aa0d64c53ec5867,5d849ee0a954540019f513dd,AWAITING REVIEW,2019-11-20 08:36:44.278000,2019-11-20 08:39:53.644000,189.366,30,87,1,100,,4D8547F3,Conservative,Full-Time,English,United States,No,Female,United States,United States
5dd4fb22eb39734aebaaa935,5d8bf44548909c00178989df,AWAITING REVIEW,2019-11-20 08:36:52.801000,2019-11-20 08:42:23.226000,330.425,29,89,0,100,,4D8547F3,Conservative,Part-Time,English,United States,No,Male,United States,United States
5dd4fc18e4bf204aeff6138b,5c1655c7ad682500017070d2,AWAITING REVIEW,2019-11-20 08:40:57.573000,2019-11-20 08:44:28.706000,211.133,31,349,0,100,,4D8547F3,Conservative,Full-Time,English,United States,No,Male,United States,United States
5dd4fd392a30ac4b959e88ac,5995be89f9db7d0001895993,AWAITING REVIEW,2019-11-20 08:45:53.976000,2019-11-20 08:55:06.116000,552.14,61,89,0,100,,4D8547F3,Conservative,Full-Time,English,United States,No,Female,United States,United States
5dd4ff5a4fee994b589c2b85,5b56abd5303c330001664b51,AWAITING REVIEW,2019-11-20 08:54:52.862000,2019-11-20 08:56:49.221000,116.359,34,577,7,98,,4D8547F3,Conservative,Full-Time,English,United States,No,Female,United States,United States
5dd500ccaf16d34ccf5967ae,5ccedad53734bb001b27a68b,AWAITING REVIEW,2019-11-20 09:01:03.248000,2019-11-20 09:07:35.809000,392.561,50,179,0,100,,4D8547F3,Conservative,Full-Time,English,United States,No,Female,United States,United States
5dd502293683dc4b1320fe69,5cbbc629781465000163932c,AWAITING REVIEW,2019-11-20 09:06:51.801000,2019-11-20 09:07:20.217000,28.416,24,77,3,93,,4D8547F3,Conservative,Other,English,United States,No,Male,United States,United States
5dd5026dcc19204b7bf09250,5b771a3d805c3f00012e07fe,AWAITING REVIEW,2019-11-20 09:07:59.036000,2019-11-20 09:10:39.123000,160.087,34,277,2,100,,4D8547F3,Conservative,Full-Time,English,United States,No,Male,Germany,United States
5dd50310e9a0ba4be82a7934,5be769f53b047e0001a39b01,AWAITING REVIEW,2019-11-20 09:10:43.218000,2019-11-20 09:21:47.102000,663.884,60,158,0,100,,4D8547F3,Conservative,Unemployed (and job seeking),English,United Kingdom,No,Female,United States,United States
5dd50483b039ab4ba6b99ee0,5c6f64cdcacbc8000113ed19,AWAITING REVIEW,2019-11-20 09:16:55.425000,2019-11-20 09:25:22.356000,506.931,52,229,0,100,,4D8547F3,Conservative,Full-Time,English,United States,No,Female,United States,United States
5dd504969b61044bb97359c2,5da8c3e47757fd0017315b85,AWAITING REVIEW,2019-11-20 09:17:13.441000,2019-11-20 09:20:04.131000,170.69,22,29,0,100,,4D8547F3,Conservative,Other,English,United States,Yes,Male,United States,United States
5dd50556961cb34c54828827,5c1976c90d57c30001b4162c,AWAITING REVIEW,2019-11-20 09:20:34.633000,2019-11-20 09:30:44.109000,609.476,68,92,0,100,,4D8547F3,Conservative,Unemployed (and job seeking),English,United States,No,Female,United States,United States
5dd5069eef41974ba9852330,5bc8897f462bdb0001a61426,AWAITING REVIEW,2019-11-20 09:25:57.915000,2019-11-20 09:27:03.274000,65.359,37,511,1,100,,4D8547F3,Conservative,Due to start a new job within the next month,English,United States,No,Male,United States,United States
5dd506ef9b66eb4cf8e64e12,5c3d76866ce2f80001317da2,AWAITING REVIEW,2019-11-20 09:27:53.201000,2019-11-20 09:32:58.965000,305.764,59,360,0,100,,4D8547F3,Conservative,Part-Time,English,United States,No,Male,Canada,United States
5dd50764149f534b72cdc18f,5825dc1f7fcbaa000134776e,AWAITING REVIEW,2019-11-20 09:29:16.999000,2019-11-20 09:34:05.023000,288.024,60,1207,3,100,,4D8547F3,Conservative,Full-Time,English,United States,No,Male,United States,United States
5dd508f382a5274cc5217dfd,5d68617918cff500013f0bb8,AWAITING REVIEW,2019-11-20 09:35:50.477000,2019-11-20 09:40:50.084000,299.607,30,85,0,100,,4D8547F3,Conservative,Full-Time,English,United States,No,Female,United States,United States
5ddb40882c5c10a9a8494f33,5db06135ea29c900124bdfdc,AWAITING REVIEW,2019-11-25 02:46:38.217000,2019-11-25 02:51:06.337000,268.12,27,32,0,100,,4D8547F3,Conservative,"Not in paid work (e.g. homemaker', 'retired or disabled)",English,Germany,No,Female,United States,United States
5ddb41cf6d5225aa432eab4e,5d02b1ce6c69cf00162f5f1a,AWAITING REVIEW,2019-11-25 02:51:59.726000,2019-11-25 02:54:04.481000,124.755,38,274,0,100,,4D8547F3,Conservative,Unemployed (and job seeking),English,United States,No,Male,United States,United States
5ddb41d4cf8e7ea9b6a69d0c,59ead61177860e00015133e0,AWAITING REVIEW,2019-11-25 02:52:08.061000,2019-11-25 02:55:01.763000,173.702,37,424,2,100,,4D8547F3,Conservative,Full-Time,Turkish,Turkey,No,Female,United States,United States
5ddb41fbffc3d8a8ce19dbbc,56f299dded0cf6000b9108cd,AWAITING REVIEW,2019-11-25 02:52:43.108000,2019-11-25 02:59:01.956000,378.848,46,626,2,100,,4D8547F3,Conservative,Full-Time,English,United States,No,Male,United States,United States
5ddb423d572604a93fe990e6,5cbc0d4367e38d000193a43e,AWAITING REVIEW,2019-11-25 02:53:55.617000,2019-11-25 02:58:06.081000,250.464,20,158,0,100,,4D8547F3,Conservative,Part-Time,English,United States,Yes,Male,United States,United States
5ddb4241f290e7aa0936afc3,56721761980a3c0011277389,AWAITING REVIEW,2019-11-25 02:53:56.552000,2019-11-25 02:57:43.335000,226.783,47,137,1,100,,4D8547F3,Conservative,Part-Time,English,United States,No,Female,United States,United States
5ddb426445fb05a9e2a4d832,5bbd3bacf732b50001d9099a,AWAITING REVIEW,2019-11-25 02:54:34.263000,2019-11-25 02:55:50.775000,76.512,31,269,2,100,,4D8547F3,Conservative,Full-Time,English,United States,No,Female,United States,United States
5ddb42651228d9aa4a1961c1,5d50e977b0386d00013e105c,AWAITING REVIEW,2019-11-25 02:55:48.662000,2019-11-25 02:58:55.312000,186.65,21,188,2,100,,4D8547F3,Conservative,Full-Time,English,United States,Yes,Male,United States,United States
5ddb4268929d5daa0cb901fd,5d54a656ec261c001a8874a6,AWAITING REVIEW,2019-11-25 02:54:36.306000,2019-11-25 02:55:23.600000,47.294,40,223,0,100,,4D8547F3,Conservative,Full-Time,English,United States,No,Male,United States,United States
5ddb427180123faaf6fba05d,5bf17270871dd1000197226e,AWAITING REVIEW,2019-11-25 02:55:08.848000,2019-11-25 02:57:25.377000,136.529,27,507,7,98,,4D8547F3,Conservative,Full-Time,English,United States,Yes,Male,United States,United States
5ddb42894c9792a967bbe734,5c47758c2381060001bf5b19,AWAITING REVIEW,2019-11-25 02:55:08.772000,2019-11-25 02:57:36.572000,147.8,25,409,2,100,,4D8547F3,Conservative,Part-Time,English,United States,No,Female,United States,United States
5ddb42a5568ca5aab4b222f0,5dcf9e053269920b9fabfe19,AWAITING REVIEW,2019-11-25 02:55:36.471000,2019-11-25 02:59:59.153000,262.682,24,6,0,100,,4D8547F3,Conservative,Unemployed (and job seeking),English,United States,No,Male,United States,United States
5ddb42df929d5daa0cb90201,5d3515c39ce6590017010766,AWAITING REVIEW,2019-11-25 02:56:34.108000,2019-11-25 02:57:32.470000,58.362,38,286,2,100,,4D8547F3,Conservative,Full-Time,English,United States,No,Female,United States,United States
5ddb42f8c944d1a9a3d72f00,5dbe3345a262de347e900665,AWAITING REVIEW,2019-11-25 02:56:56.520000,2019-11-25 02:57:46.257000,49.737,29,47,0,100,,4D8547F3,Conservative,Full-Time,English,United States,No,Male,United States,United States
5ddb430d1986eba9dcd25bf9,5da3dfbcbbbc120019e083ee,RETURNED,2019-11-25 02:57:19.879000,,5635.892044,39,44,0,100,,,CONSENT REVOKED,CONSENT REVOKED,CONSENT REVOKED,CONSENT REVOKED,CONSENT REVOKED,CONSENT REVOKED,CONSENT REVOKED,CONSENT REVOKED
5ddb430d2e4a05a9f2bf97d9,5a94d24fb5e2110001c689b5,AWAITING REVIEW,2019-11-25 02:57:23.339000,2019-11-25 03:00:29.870000,186.531,58,492,3,100,,4D8547F3,Conservative,"Not in paid work (e.g. homemaker', 'retired or disabled)",English,United States,No,Female,United States,United States
5ddb43199ca8a3aa11ec28d2,5dcefcd0307b8d05031d7264,AWAITING REVIEW,2019-11-25 02:57:33.475000,2019-11-25 03:02:57.446000,323.971,28,11,0,100,,4D8547F3,Conservative,Full-Time,English,United States,No,Male,United States,United States
5ddb4348fce606aa37c27819,5d1e943542ea95001a078e22,AWAITING REVIEW,2019-11-25 02:58:23.836000,2019-11-25 03:01:44.280000,200.444,32,206,1,100,,4D8547F3,Conservative,"Not in paid work (e.g. homemaker', 'retired or disabled)",English,United States,No,Female,United States,United States
5ddb4355f83c9fa90ba6b848,5b29b956007d870001c82114,AWAITING REVIEW,2019-11-25 02:58:36.315000,2019-11-25 02:59:23.457000,47.142,42,627,1,100,,4D8547F3,Conservative,Full-Time,English,United States,No,Male,United States,United States
5ddb435841fb3fa9e605c3e2,5c82c9a4d8302a00010639b8,AWAITING REVIEW,2019-11-25 02:58:32.887000,2019-11-25 03:00:38.132000,125.245,29,360,0,100,,4D8547F3,Conservative,Part-Time,English,United States,No,Male,United States,United States
5ddb4366a4aa26a9aca95e99,5a21b2e1e473b80001baaa09,AWAITING REVIEW,2019-11-25 02:58:46.857000,2019-11-25 03:00:56.893000,130.036,65,207,1,100,,4D8547F3,Conservative,Full-Time,English,United States,No,Male,United States,United States
5ddb436be2dcbda8fd35f928,5b7c877f9dc643000172043d,RETURNED,2019-11-25 02:59:01.801000,,5534.106432,35,735,0,100,,,CONSENT REVOKED,CONSENT REVOKED,CONSENT REVOKED,CONSENT REVOKED,CONSENT REVOKED,CONSENT REVOKED,CONSENT REVOKED,CONSENT REVOKED
5ddb437efd5b28a99609c98e,5c5a01abe5326a00018596b5,AWAITING REVIEW,2019-11-25 02:59:12.718000,2019-11-25 03:02:03.811000,171.093,24,410,2,100,,4D8547F3,Conservative,Full-Time,English,United States,No,Female,United States,United States
5ddb437fbca2e4a97aa2cd6f,5bcb78eb9921c70001576bca,AWAITING REVIEW,2019-11-25 03:05:34.483000,2019-11-25 03:09:05.633000,211.15,30,384,0,100,,4D8547F3,Conservative,Part-Time,English,United States,No,Male,United States,United States
5ddb43c419eecba9ad7cbcea,56f7982b35c4760006278c61,AWAITING REVIEW,2019-11-25 03:00:23.652000,2019-11-25 03:14:05.195000,821.543,32,643,12,98,,4D8547F3,Conservative,Full-Time,English,United States,No,Male,United States,United States
5ddb43d411b0bdaa07b6a4ad,5d64759fedf23500018f9334,AWAITING REVIEW,2019-11-25 03:00:38.729000,2019-11-25 03:03:34.143000,175.414,49,77,0,100,,4D8547F3,Conservative,Part-Time,English,United States,No,Female,United States,United States
5ddb43d5b98887ab27aa2186,5b646a727c39ee00010a18b0,AWAITING REVIEW,2019-11-25 03:00:58.959000,2019-11-25 03:06:58.960000,360.001,41,92,1,100,,4D8547F3,Conservative,Unemployed (and job seeking),English,United States,No,Male,United States,United States
5ddb43d97d4595a8e6788197,5d0e88a255f0c70015345bdd,RETURNED,2019-11-25 03:11:00.231000,,4815.837795,57,220,0,100,,,CONSENT REVOKED,CONSENT REVOKED,CONSENT REVOKED,CONSENT REVOKED,CONSENT REVOKED,CONSENT REVOKED,CONSENT REVOKED,CONSENT REVOKED
5ddb43e2798297aa637e451a,5c4a1a5e0bfde90001066947,AWAITING REVIEW,2019-11-25 03:00:54.750000,2019-11-25 03:04:47.920000,233.17,62,378,5,98,,NOCODE,Conservative,Full-Time,English,United States,No,Male,United States,United States
5ddb43e4dfe9daa9ed2c864a,5daa5f6c56cd5d001104188d,AWAITING REVIEW,2019-11-25 03:00:55.750000,2019-11-25 03:02:32.269000,96.519,19,27,1,99,,4D8547F3,Conservative,"Not in paid work (e.g. homemaker', 'retired or disabled)",English,United States,Yes,Female,United States,United States
5ddb43ece426bda9fe0108d4,5a6df612e70ca900017ae25e,AWAITING REVIEW,2019-11-25 03:01:03.066000,2019-11-25 03:04:40.998000,217.932,40,136,0,100,,4D8547F3,Conservative,Full-Time,English,United States,No,Female,United States,United States
5ddb4403d3ac2ac59ed964bf,5da8c0791a0d81001380d3cc,AWAITING REVIEW,2019-11-25 03:01:36.016000,2019-11-25 03:04:13.906000,157.89,22,52,2,96,,4D8547F3,Conservative,Part-Time,English,United States,Yes,Male,United States,United States
5ddb440df85b50aa94a61e3f,5d77cb35769320000189401a,AWAITING REVIEW,2019-11-25 03:01:35.718000,2019-11-25 03:04:55.346000,199.628,45,118,0,100,,4D8547F3,Conservative,Full-Time,English,United States,No,Female,United States,United States
5ddb4414ac504aaa8b841d09,5d264dc7e4a0cb001a3efea6,AWAITING REVIEW,2019-11-25 03:01:42.585000,2019-11-25 03:07:22.352000,339.767,49,137,0,100,,4D8547F3,Conservative,"Not in paid work (e.g. homemaker', 'retired or disabled)",English,United States,No,Female,United States,United States
5ddb4419cb9dd6aa283b9d7a,5db256d9feeb48000de1b5b6,AWAITING REVIEW,2019-11-25 03:01:47.581000,2019-11-25 03:12:29.783000,642.202,56,86,3,96,,4D8547F3,Conservative,Full-Time,Chinese,China,No,Female,United States,United States
5ddb4426e73e61a8b7d95026,5d48f454fb0ce0001a050283,AWAITING REVIEW,2019-11-25 03:02:00.610000,2019-11-25 03:02:56.892000,56.282,,170,0,100,,4D8547F3,Conservative,"Not in paid work (e.g. homemaker', 'retired or disabled)",English,United States,No,Female,United States,United States
5ddb44279ca8a3aab61148e7,5ca2d3dd010c73001606b7d8,AWAITING REVIEW,2019-11-25 03:02:01.743000,2019-11-25 03:02:50.806000,49.063,42,268,1,100,,4D8547F3,Conservative,"Not in paid work (e.g. homemaker', 'retired or disabled)",English,United States,No,Female,United States,United States
5ddb4432954d19a93cb23d9b,5bedf1dac998f000011f754b,AWAITING REVIEW,2019-11-25 03:02:14.157000,2019-11-25 03:04:40.968000,146.811,67,370,3,99,,4D8547F3,Conservative,"Not in paid work (e.g. homemaker', 'retired or disabled)",English,United States,No,Female,United States,United States
5ddb444f8ed6bfa9e6ed1b8e,5c926d2a0ae1ea00156f71a0,AWAITING REVIEW,2019-11-25 03:02:54.717000,2019-11-25 03:07:01.321000,246.604,60,235,0,100,,4D8547F3,Conservative,Part-Time,English,United States,No,Female,United States,United States
5ddb447bcf08aaa9ee7e57fc,5d97428c1235ef0011e6bb54,AWAITING REVIEW,2019-11-25 03:03:25.795000,2019-11-25 03:08:18.367000,292.572,26,72,0,100,,4D8547F3,Conservative,Full-Time,English,United States,Yes,Female,United States,United States
5ddb4496f30aa6aaf111e18c,5d98ac3e4b74d40016e96159,AWAITING REVIEW,2019-11-25 03:03:53.648000,2019-11-25 03:08:12.847000,259.199,46,31,0,100,,4D8547F3,Conservative,Full-Time,English,United States,No,Male,United States,United States
5ddb4497fd5b28a99609c98f,5cbfa994711cd30016fa1385,AWAITING REVIEW,2019-11-25 03:03:51.229000,2019-11-25 03:04:34.962000,43.733,30,59,0,100,,4D8547F3,Conservative,Full-Time,English,United States,Yes,Male,United States,United States
5ddb44a93c870aa985a43617,5d36c10f8891090001e67eef,AWAITING REVIEW,2019-11-25 03:04:29.338000,2019-11-25 03:06:50.411000,141.073,51,153,0,100,,4D8547F3,Conservative,Unemployed (and job seeking),English,United States,No,Male,United States,United States
5ddb4511ad0a61a926effebf,5d8e46b78133dc00142ef00b,AWAITING REVIEW,2019-11-25 03:05:56.818000,2019-11-25 03:07:57.716000,120.898,29,80,2,98,,4D8547F3,Conservative,"Not in paid work (e.g. homemaker', 'retired or disabled)",English,United States,No,Female,United States,United States
5ddb45258cf2f9aa73c5defb,5b6142d1f5bc590001184814,AWAITING REVIEW,2019-11-25 03:06:17.433000,2019-11-25 03:09:58.058000,220.625,45,325,0,100,,4D8547F3,Conservative,"Not in paid work (e.g. homemaker', 'retired or disabled)",English,United States,No,Female,United States,United States
5ddb456741afe8a9e7e9b4db,5bd4869946e2010001a10827,AWAITING REVIEW,2019-11-25 03:07:23.219000,2019-11-25 03:09:27.431000,124.212,19,325,0,100,,4D8547F3,Conservative,Full-Time,English,United States,Yes,Male,United States,United States
5ddb459b41afe8a9e7e9b4dd,5dbac44d6406400d9e77b326,AWAITING REVIEW,2019-11-25 03:08:15.673000,2019-11-25 03:12:39.613000,263.94,46,40,0,100,,4D8547F3,Conservative,Full-Time,English,Panama,No,Male,United States,United States
5ddb45cf393bd3aa2132cf4e,5bdd006c712eb800010d0670,AWAITING REVIEW,2019-11-25 03:09:52.335000,2019-11-25 03:12:35.665000,163.33,20,243,1,100,,4D8547F3,Conservative,"Not in paid work (e.g. homemaker', 'retired or disabled)",English,United States,Yes,Male,United States,United States
5ddb45dc51c6d2aaffa3f7cd,5d19a6801ae42000191bd745,AWAITING REVIEW,2019-11-25 03:09:20.195000,2019-11-25 03:10:26.564000,66.369,58,207,4,97,,4D8547F3,Conservative,Full-Time,English,United States,No,Male,United States,United States
5ddb4660f83c9fa9b8943829,5c3c96711580e90001226bba,AWAITING REVIEW,2019-11-25 03:11:31.170000,2019-11-25 03:14:50.052000,198.882,62,215,1,100,,4D8547F3,Conservative,Other,English,United States,No,Female,United States,United States
5ddb4685326992aa3e99baa4,5920b1f62b529b00013f3214,AWAITING REVIEW,2019-11-25 03:12:05.428000,2019-11-25 03:15:58.608000,233.18,56,414,0,100,,4D8547F3,Conservative,Full-Time,English,United States,No,Male,United States,United States
5ddb46977cc973a96f549d68,59f226a9d6380600018b2923,AWAITING REVIEW,2019-11-25 03:12:25.987000,2019-11-25 03:20:28.687000,482.7,55,229,0,100,,4D8547F3,Conservative,Other,English,United States,No,Female,United States,United States
5ddb4699332b34a95aaba045,5dbd88bd61ec042cc4723f81,AWAITING REVIEW,2019-11-25 03:12:44.859000,2019-11-25 03:29:42.598000,1017.739,40,69,0,100,,4D8547F3,Conservative,Full-Time,English,United States,Yes,Male,United States,United States
5ddb46a2ac504aa9df5fb648,5da8eb474b80cd00163fa5d9,AWAITING REVIEW,2019-11-25 03:12:39.725000,2019-11-25 03:35:48.215000,1388.49,43,101,2,98,,4D8547F3,Conservative,Full-Time,English,United States,No,Male,United States,United States
5ddb46c3326992aa3e99baa6,5d911b58cf1332001b383f3c,AWAITING REVIEW,2019-11-25 03:13:12.159000,2019-11-25 03:14:35.749000,83.59,72,75,0,100,,4D8547F3,Conservative,"Not in paid work (e.g. homemaker', 'retired or disabled)",English,United States,No,Male,United States,United States
5ddb470c2e6c77aa23a36ed3,5db9a46ff8e3f9000f88cb85,AWAITING REVIEW,2019-11-25 03:14:26.056000,2019-11-25 03:16:52.688000,146.632,62,56,0,100,,4D8547F3,Conservative,Full-Time,English,United States,No,Male,,United States
5ddb473919eecbaa63f591e8,5d7af4ee784e52001b9b02da,AWAITING REVIEW,2019-11-25 03:15:10.378000,2019-11-25 03:22:28.857000,438.479,34,77,0,100,,4D8547F3,Conservative,Part-Time,English,United States,No,Male,United States,United States
5ddb473f3c4937aa2db0c2c4,5cf1eed7a602eb0001e2e850,AWAITING REVIEW,2019-11-25 03:15:12.932000,2019-11-25 03:16:12.477000,59.545,21,86,3,96,,4D8547F3,Conservative,"Not in paid work (e.g. homemaker', 'retired or disabled)",English,United States,Yes,Male,United States,United States
5ddb47a249f607ab091fdfcd,5c5e686420cbdb0001668ad7,AWAITING REVIEW,2019-11-25 03:17:01.470000,2019-11-25 03:22:19.220000,317.75,67,79,0,100,,4D8547F3,Conservative,"Not in paid work (e.g. homemaker', 'retired or disabled)",English,United States,No,Female,United States,United States
5ddb47b01e70daaad43bc2b8,5b6f49b7d60bdd0001ade437,AWAITING REVIEW,2019-11-25 03:17:09.229000,2019-11-25 03:19:41.942000,152.713,64,621,1,100,,4D8547F3,Conservative,Part-Time,English,United States,No,Male,United States,United States
5ddb47b95a40f2aaac01a189,5c3272172f0f3500010284c0,AWAITING REVIEW,2019-11-25 03:17:15.571000,2019-11-25 03:18:09.288000,53.717,31,57,0,100,,4D8547F3,Conservative,Part-Time,English,United States,Yes,Female,United States,United States
5ddb48687af661aae78549a1,5d978477fb58670016ad2521,AWAITING REVIEW,2019-11-25 03:20:19.302000,2019-11-25 03:24:13.490000,234.188,,63,1,99,,4D8547F3,Conservative,"Not in paid work (e.g. homemaker', 'retired or disabled)",English,United States,No,Female,United States,United States
5ddb48a6cf08aaaa9bdb21dd,5c6d7db58f6257000148f61d,AWAITING REVIEW,2019-11-25 03:21:12.698000,2019-11-25 03:29:14.945000,482.247,28,314,2,100,,4D8547F3,Conservative,Part-Time,English,United States,No,Male,United States,United States
5ddb493b4b5dd4aa1899be0e,5a6b84330384310001945cf4,AWAITING REVIEW,2019-11-25 03:23:45.709000,2019-11-25 03:27:17.967000,212.258,43,453,0,100,,4D8547F3,Conservative,Full-Time,English,United States,Yes,Female,United States,United States
5ddb494b4524e7a9a3bb8ee2,5d1cf7d33f1d6f0001315d30,AWAITING REVIEW,2019-11-25 03:23:58.556000,2019-11-25 03:25:38.571000,100.015,18,44,2,95,,4D8547F3,Conservative,Unemployed (and job seeking),English,United States,Yes,Male,United States,United States
5ddb496b326992aa96082f58,587ed1ac395db400017af23a,AWAITING REVIEW,2019-11-25 03:24:32.148000,2019-11-25 03:26:30.416000,118.268,37,387,0,100,,4D8547F3,Conservative,Full-Time,English,United States,No,Male,United States,United States
5ddb497de9a0baaa52dc0cd0,5d8c46cc53b833001a4bf916,AWAITING REVIEW,2019-11-25 03:24:56.844000,2019-11-25 03:28:25.798000,208.954,19,101,0,100,,4D8547F3,Conservative,Other,English,United States,Yes,Female,United States,United States
5ddb4981270f44a995323ff8,5c3504628a88190001ae3eaa,AWAITING REVIEW,2019-11-25 03:24:51.896000,2019-11-25 03:27:28.660000,156.764,26,294,2,100,,4D8547F3,Conservative,Other,English,United States,Yes,Female,United States,United States
5ddb498ef83c9faa15fd173e,5db38a2db879f3000ebcc422,AWAITING REVIEW,2019-11-25 03:25:18.447000,2019-11-25 03:30:08.734000,290.287,68,68,0,100,,4D8547F3,Conservative,Part-Time,English,United States,No,Female,United States,United States
5ddb4a1e51c6d2aaa9549481,5bc2bad68e4b150001fda946,AWAITING REVIEW,2019-11-25 03:27:29.097000,2019-11-25 03:29:23.414000,114.317,37,565,0,100,,4D8547F3,Conservative,Full-Time,English,United States,No,Female,United States,United States
5ddb4a39cb9dd6a97c4fdb25,5da1e0e868c6aa00170ffef5,AWAITING REVIEW,2019-11-25 03:27:55.424000,2019-11-25 03:32:33.937000,278.513,25,107,1,100,,4D8547F3,Conservative,Unemployed (and job seeking),English,United States,No,Male,United States,United States
5ddb4a4cf83c9faa15fd173f,5c33d22b6f160f0001349d6b,AWAITING REVIEW,2019-11-25 03:28:16.263000,2019-11-25 03:34:18.563000,362.3,64,270,0,100,,4D8547F3,Conservative,Full-Time,English,United States,No,Male,United States,United States
5ddb4a7a11d494aa2c45e84b,5b0319e68d753d0001cc75c7,AWAITING REVIEW,2019-11-25 03:29:02.200000,2019-11-25 03:31:54.819000,172.619,46,465,1,100,,4D8547F3,Conservative,Full-Time,English,United States,No,Female,United States,United States
5ddb4acaed7ea4a90e0cc1f3,5c0f1cf4f3027300014b606f,AWAITING REVIEW,2019-11-25 03:30:43.845000,2019-11-25 03:35:33.572000,289.727,37,417,0,100,,4D8547F3,Conservative,Full-Time,English,United States,No,Male,United States,United States
5ddb4adfad0a61aa38f0a6d8,57b0e0277030f200018c2dfb,AWAITING REVIEW,2019-11-25 03:30:41.979000,2019-11-25 03:31:19.738000,37.759,25,826,0,100,,4D8547F3,Conservative,Full-Time,English,United States,No,Male,United States,United States
5ddb4be341afe8aa9d195be8,5b94d8fe754b700001f05b72,AWAITING REVIEW,2019-11-25 03:35:03.448000,2019-11-25 03:41:10.995000,367.547,49,110,0,100,,4D8547F3,Conservative,"Not in paid work (e.g. homemaker', 'retired or disabled)",English,United States Minor Outlying Islands,No,Female,United States,United States
5ddb4bf6f290e7aa0936afd2,5a04869ff2e3460001edad2e,AWAITING REVIEW,2019-11-25 03:35:20.468000,2019-11-25 03:36:28.929000,68.461,28,808,2,100,,4D8547F3,Conservative,Part-Time,English,United States,No,Male,United States,United States
5ddb4c3dac504aaa3993ba12,5da883c13b410d0017c55b0f,AWAITING REVIEW,2019-11-25 03:36:32.878000,2019-11-25 03:41:42.192000,309.314,53,88,1,100,,4D8547F3,Conservative,Full-Time,English,United States,No,Female,United States,United States
5ddb4c86e9a0baa9fcf4a0a1,5d61fff97d06c30017d19760,AWAITING REVIEW,2019-11-25 03:37:42.661000,2019-11-25 03:39:14.382000,91.721,36,81,2,96,,4D8547F3,Conservative,Part-Time,English,United States,Yes,Male,United States,United States
5ddb4cba227497aa40199550,59f8c2605c04960001c81a1c,AWAITING REVIEW,2019-11-25 03:38:37.583000,2019-11-25 03:39:44.020000,66.437,42,467,0,100,,4D8547F3,Conservative,Full-Time,English,United States,No,Male,United States,United States
5ddb4ce6c5faa2aaf8b9c446,5dbcdf38a39098278b46036c,AWAITING REVIEW,2019-11-25 03:39:22.557000,2019-11-25 03:44:57.017000,334.46,44,46,1,99,,4D8547F3,Conservative,"Not in paid work (e.g. homemaker', 'retired or disabled)",English,United States,No,Female,United States,United States
5ddb4d0d9d9e30ab0ab93712,5d069f2f041328001a7815be,AWAITING REVIEW,2019-11-25 03:40:05.271000,2019-11-25 03:40:58.128000,52.857,76,146,0,100,,4D8547F3,Conservative,"Not in paid work (e.g. homemaker', 'retired or disabled)",English,United States,No,Male,United States,United States
5ddb4d0e4524e7aa4ea78b94,5d9ffd2aa7a84a0017cce730,AWAITING REVIEW,2019-11-25 03:40:01.312000,2019-11-25 03:44:18.126000,256.814,38,33,0,100,,4D8547F3,Conservative,"Not in paid work (e.g. homemaker', 'retired or disabled)",English,United States,No,Female,United States,United States
5ddb4d3a9dac7cab6bb7339d,5bf56b6c8f12ac00018af6e2,AWAITING REVIEW,2019-11-25 03:40:59.566000,2019-11-25 03:48:51.536000,471.97,35,315,2,100,,4D8547F3,Conservative,Full-Time,English,United States,No,Female,United States,United States
5ddb4dc97df219aa43057a85,5d1c364ec2696c0019647629,AWAITING REVIEW,2019-11-25 03:43:07.948000,2019-11-25 03:43:53.908000,45.96,31,220,1,100,,4D8547F3,Conservative,Part-Time,English,United States,No,Male,United States,United States
5ddb4dd0fd5b28a9f275be91,5a2bf84b8e00a00001986707,AWAITING REVIEW,2019-11-25 03:43:22.049000,2019-11-25 03:48:22.884000,300.835,43,251,3,99,,4D8547F3,Conservative,Full-Time,English,United States,No,Male,United States,United States
5ddb4de9fd5b28a9f275be92,5c817d90fae0130015ce9bda,AWAITING REVIEW,2019-11-25 03:43:41.354000,2019-11-25 03:50:47.042000,425.688,54,278,4,98,,4D8547F3,Conservative,"Not in paid work (e.g. homemaker', 'retired or disabled)",English,United States,No,Female,United States,United States
5ddb4ec05daaa6aa6f1cfabb,59764fb5435a750001158fd1,AWAITING REVIEW,2019-11-25 03:47:25.231000,2019-11-25 03:53:01.466000,336.235,40,826,2,100,,4D8547F3,Conservative,Full-Time,English,United States,No,Female,United States,United States
5ddb4ec67beb29aa45a5e974,558a979dfdf99b65685efffa,AWAITING REVIEW,2019-11-25 03:48:03.069000,2019-11-25 03:48:52.257000,49.188,34,738,4,100,,4D8547F3,Conservative,Full-Time,English,United States,Yes,Male,United States,United States
5ddb4f34104200ab55507058,5d629004a3b94d0001da498f,AWAITING REVIEW,2019-11-25 03:49:14.103000,2019-11-25 03:51:43.540000,149.437,26,17,1,98,,4D8547F3,Conservative,DATA EXPIRED,English,United States,Yes,Male,Mexico,United States
5ddb4f7b19eecbaabbef147a,5ca8ffbec942ab0016cfe9d2,AWAITING REVIEW,2019-11-25 03:50:22.152000,2019-11-25 03:53:25.230000,183.078,46,365,1,100,,4D8547F3,Conservative,Full-Time,English,United States,No,Male,United States,United States
5ddb4f902e6c77aad8936ad6,5bf322d817a7de0001cf6d50,AWAITING REVIEW,2019-11-25 03:50:51.383000,2019-11-25 03:59:11.772000,500.389,68,345,0,100,,4D8547F3,Conservative,"Not in paid work (e.g. homemaker', 'retired or disabled)",English,United States,No,Female,United States,United States
5ddb4fda86c886ab79915535,559b1e92fdf99b426abb6227,AWAITING REVIEW,2019-11-25 03:52:02.188000,2019-11-25 04:03:11.470000,669.282,39,1014,2,100,,4D8547F3,Conservative,Full-Time,English,United States,No,Male,United States,United States
5ddb4ffe2b033baa996c4141,58c3c835334d5b0001d6374e,AWAITING REVIEW,2019-11-25 03:52:33.627000,2019-11-25 03:55:09.345000,155.718,,220,1,100,,4D8547F3,Conservative,DATA EXPIRED,English,Canada,No,Male,United States,United States
5ddb5062e0b21baadad7edad,5cf5ea4dea7a80000156520e,AWAITING REVIEW,2019-11-25 03:54:12.104000,2019-11-25 03:55:04.551000,52.447,25,218,1,100,,4D8547F3,Conservative,Full-Time,English,United States,Yes,Male,United States,United States
5ddb50bce05cadaa030181af,5c3433ea8464370001892798,AWAITING REVIEW,2019-11-25 03:55:44.808000,2019-11-25 03:57:46.410000,121.602,59,192,0,100,,4D8547F3,Conservative,Other,English,United States,No,Female,United States,United States
5ddb50cfaf16d3ab63a1ea57,5d784465042a20001b307884,AWAITING REVIEW,2019-11-25 03:56:03.084000,2019-11-25 03:59:45.077000,221.993,31,65,0,100,,4D8547F3,Conservative,Full-Time,English,United States,No,Female,United States,United States
5ddb512c7d4595a9a41f6bf9,5d73b97a40e4bc00019e1db8,AWAITING REVIEW,2019-11-25 03:57:34.397000,2019-11-25 03:59:59.636000,145.239,24,167,1,100,,4D8547F3,Conservative,Full-Time,English,United States,No,Female,United States,United States
5ddb5161a4aa26ab18e4ea7f,5abe4f25fa3b4e000173303f,AWAITING REVIEW,2019-11-25 03:58:30.248000,2019-11-25 04:02:20.991000,230.743,53,190,1,100,,4D8547F3,Conservative,"Not in paid work (e.g. homemaker', 'retired or disabled)",English,United States,No,Female,United States,United States
5ddb52ca4b0e0caaa75d0859,58a623e90da7f10001de8553,AWAITING REVIEW,2019-11-25 04:04:45.422000,2019-11-25 04:10:07.450000,322.028,54,662,0,100,,4D8547F3,Conservative,Other,English,United States,No,Female,United States,United States
5ddb52cf194e48aa2696a77a,5a0efb83ab721b0001ef8509,AWAITING REVIEW,2019-11-25 04:04:37.303000,2019-11-25 04:05:48.766000,71.463,65,733,1,100,,4D8547F3,Conservative,Part-Time,English,United States,No,Male,United States,United States
5ddb52ede4bf20aa8b73fcfa,5bf7511b0b616400019c7415,AWAITING REVIEW,2019-11-25 04:05:49.020000,2019-11-25 04:15:34.077000,585.057,43,491,14,94,,4D8547F3,Conservative,Full-Time,English,United States,No,Male,United States,United States
5ddb551201fadfab6914ef28,5d37de63b78497001ad6b44b,AWAITING REVIEW,2019-11-25 04:14:13.162000,2019-11-25 04:15:03.640000,50.478,42,161,0,100,,4D8547F3,Conservative,"Not in paid work (e.g. homemaker', 'retired or disabled)",English,United States,No,Female,United States,United States
